Date,Company,Channel,Lang,Title,URL
2026-05-30,Cummins India Ltd,Business Today,English,Cummins Sees Strong Demand But Flags Commodity & Fuel Pressure,https://www.youtube.com/watch?v=XLViqlAfAgQ
2026-05-29,Parag Milk Foods Ltd,ET NOW,English,Parag Milk Foods Bets Big On Protein: Ghee & Cheese Price Hike Signals New Growth Strategy | ET Now,https://www.youtube.com/watch?v=vcYpxXNlUxU
2026-05-29,Tata Motors Passenger Vehicles Ltd,CNBC Awaaz,Hindi,Tata मोटर्स PV के MD से खास बातचीत! | Exclusive Conversation with Tata Motors PV MD,https://www.youtube.com/watch?v=KHlDJGa8KpI
2026-05-29,HT Media Ltd,Mint,English,How India's Workers Are Winning the AI Race | #AllAboutAI Ep 17,https://www.youtube.com/watch?v=c2AMxFJrfvU
2026-05-29,INOX India Ltd,ET NOW,English,"Inox India Q4 Result: 20% Growth Ahead On Strong Global Demand, FY27 Growth, Margins & Order Book!",https://www.youtube.com/watch?v=getsFlFaPwk
2026-05-29,Ashok Leyland Ltd,ET NOW Swadesh,Hindi,"Ashok Leyland के Q4 के नतीजों में आये मुनाफा, मार्जिन और EBITDA पर MD &CEO Shenu Agarwal की चर्चा |",https://www.youtube.com/watch?v=0XWjMecBOE0
2026-05-29,INOX India Ltd,ET NOW Swadesh,Hindi,"Inox India के Q4 Results, आय, मुनाफा, EBITDA और मार्जिन पर CEO Deepak Acharya का Outlook | ETNS",https://www.youtube.com/watch?v=-43ZugSmKxo
2026-05-29,Supriya Lifescience Ltd,CNBC-TV18,English,Supriya Lifescience Posts Strong Q4FY26; Confident Of Maintaining 33–35% Margins | CNBC TV18,https://www.youtube.com/watch?v=j_izSGchTwg
2026-05-29,Bajel Projects Ltd,CNBC-TV18,English,Continue To See Pressure In FY27 Due To Rising Commodity Prices: Bajel Projects | CNBC TV18,https://www.youtube.com/watch?v=2YDIhdfXSyM
2026-05-29,Tata Motors Ltd,Zee Business,Hindi,"New Tata Tiago Unveiled: Fresh Design, Smart Features and EV Outlook | Results Boardroom",https://www.youtube.com/watch?v=1tTqqR93yK0
2026-05-29,Tata Motors Ltd,CNBC Awaaz,Hindi,Tata Motors ने Tiago का EV फेसलिफ्ट वर्जन लॉन्च किया है | नई Tiago EV की एक्स शोरूम कीमत जानिए यहाँ,https://www.youtube.com/watch?v=lPMa59MSIJo
2026-05-29,Mphasis Ltd,Bloomberg Quint,English,"Mphasis Launches Tria | CEO Nitin Rakesh On Enterprise AI, Agentic AI & The Future Of IT Services",https://www.youtube.com/watch?v=cuI5mfG_fMQ
2026-05-29,Gulf Oil Lubricants India Ltd,ET NOW,English,Gulf Oil Faces Crude Price Heat But Maintains Strong Margin Guidance | Business News | ET Now,https://www.youtube.com/watch?v=nOOuamgn3pw
2026-05-29,NLC India Ltd,Zee Business,Hindi,NLC India’s Global Vision: What Projects Are Being Planned with the USA?,https://www.youtube.com/watch?v=5CtIeX86vls
2026-05-29,Physicswallah Ltd,ET NOW,English,AI Revolution At PhysicsWallah! 3 Million Student Doubts Solved In One Month | Business News,https://www.youtube.com/watch?v=DtOOStQEW6E
2026-05-29,Coal India Ltd,Zee Business,Hindi,Coal Gasification Explained: What’s Coal India’s Next Big Strategy?,https://www.youtube.com/watch?v=CnKz7JFaOkE
2026-05-29,Ashok Leyland Ltd,CNBC Awaaz,Hindi,Ashok Leyland Q4 Results: Revenue Up 19% & Profit Up 13%|Outlook Explained by MD & CEO Shenu Agarwal,https://www.youtube.com/watch?v=RyPHlEu3oj0
2026-05-29,Ashok Leyland Ltd,Bloomberg Quint,English,"Ashok Leyland Q4 Results: Revenue Rises By 17.4% To ₹17,246 crore | MD & CEO Outline Future Outlook",https://www.youtube.com/watch?v=qRYufgDtjlM
2026-05-29,Ramky Infrastructure Ltd,ET NOW,English,"Ramky Infra’s BIG FY27 Bet! ₹14,000 Cr Pipeline, Dividend Return After 14 Years | Business News",https://www.youtube.com/watch?v=qcFnzewj-WQ
2026-05-29,Ashok Leyland Ltd,Zee Business,Hindi,Ashok Leyland CEO LIVE: What Will Drive Growth in FY27? | Ashok Leyland MD & CEO Shares Fut Outlook,https://www.youtube.com/watch?v=Cr660ti08GQ
2026-05-29,Shriram Properties Ltd,CNBC Awaaz,Hindi,Shriram Properties के नतीजों और ग्रोथ स्ट्रैटेजी को लेकर ED & CEO Gopalakrishnan J से खास बातचीत,https://www.youtube.com/watch?v=Bo4mADwEjXQ
2026-05-29,Ashok Leyland Ltd,ET NOW,English,Will Fuel Price Surges Kill CV Demand? Ashok Leyland Explains Fleet Replacement Cycles | ET Now,https://www.youtube.com/watch?v=B8wDRNlPGrI
2026-05-29,Mphasis Ltd,ET NOW,English,Will Next Week’s Government Policies Trigger India’s Next Big Electrification Pivot? | Business News,https://www.youtube.com/watch?v=tby3YLFt9JM
2026-05-29,Cummins India Ltd,CNBC-TV18,English,"Strong Traction Seen In Data Centers, Railways & Mining Segments: Cummins India | CNBC TV18",https://www.youtube.com/watch?v=ftOoZKpyprw
2026-05-29,Tata Motors Ltd,CNBC-TV18,English,SUV Shift Driven By Aspiration Gap In Hatchbacks; New Tiago Aims To Revive Segment: Tata Motors,https://www.youtube.com/watch?v=H7-rPjc2xFY
2026-05-29,TCI Express Ltd,ET NOW,English,TCI Express Q4 Earnings Update: MD Chander Agarwal Outlines Big FY27 Growth Targets | Business News,https://www.youtube.com/watch?v=0nufux81m1Y
2026-05-29,Ashok Leyland Ltd,CNBC-TV18,English,"An In-Line Q4 For Ashok Leyland | Export Weakness Due To West Asia Disruptions, Says Company",https://www.youtube.com/watch?v=yvht2LfJiMg
2026-05-29,Physicswallah Ltd,CNBC-TV18,English,Healthy Q4 For Physicswallah | Higher Enrollement & ARPU Surge To Drive 30% Rev Growth In FY27: Co,https://www.youtube.com/watch?v=JXc7L1oDIPY
2026-05-29,Happiest Minds Technologies Ltd,ET NOW,English,Happiest Minds Q4 Results: The Secret Strategy Behind Their 15% Growth Plan | Business News,https://www.youtube.com/watch?v=7qeZnjJwlSo
2026-05-29,Bata India Ltd,ET NOW,English,"Bata India Is Changing Forever: Automation, AI Forecasting & 2,000 Mega Stores | Business News",https://www.youtube.com/watch?v=NFpjOufxQpY
2026-05-28,Life Insurance Corporation of India,ET NOW,English,"LIC @ 70 | MyLIC App, AI Push, Digital Future, Bonuses & Big Insurance Reforms Explained | ET Now",https://www.youtube.com/watch?v=uPr9QUjBe-U
2026-05-28,Tata Motors Passenger Vehicles Ltd,Bloomberg Quint,English,Tata Motors Bets Big On EVs With Launch Of New 2026 Tiago EV In India,https://www.youtube.com/watch?v=YCaU9MDdb4k
2026-05-28,Black Box Ltd,ET NOW Swadesh,Hindi,"Black Box के Q4 Results, Growth, आय, मुनाफा और EBITDA Margin पर Sanjeev Verma का Outlook",https://www.youtube.com/watch?v=R0do9eItVFc
2026-05-28,Senco Gold Ltd,Zee Business,Hindi,Senco Gold MD Explains Impact of Gold Duty Hike on Business,https://www.youtube.com/watch?v=5MSGxEkyXA0
2026-05-28,Senco Gold Ltd,ET NOW Swadesh,Hindi,Senco Gold के Q4 Business Update के बाद निवेशकों के लिए क्या है संदेश? जानिए Suvankar Sen की राय,https://www.youtube.com/watch?v=-U9hJW2BOfE
2026-05-28,Sarthak Industries Ltd,CNBC-TV18,English,LIVE | Tracking Latest Stock Market Headlines & Top Developments | India Business Hour | Top News,https://www.youtube.com/watch?v=g2wMVdOjwW4
2026-05-27,Transrail Lighting Ltd,Bloomberg Quint,English,Transrail MD Explains Q4 Slowdown Amid Global Disruptions,https://www.youtube.com/watch?v=UYWIXhjzJ8o
2026-05-27,Indegene Ltd,Bloomberg Quint,English,Indegene Q4: Why AI Investments Hurt Margins But Boost Outlook,https://www.youtube.com/watch?v=bfV_c6z4-zM
2026-05-27,Dynamic Industries Ltd-$,Zee Business,Hindi,"The Future Starts Now:Dr Aamir Junaid Ahmad, Renowned AI Evangelist, Discusses AI & Entrepreneurship",https://www.youtube.com/watch?v=hhBWQRizbbE
2026-05-27,Indian Metals & Ferro Alloys Ltd,ET NOW,English,IMFA Stellar Q4 Earnings: Eyes Massive FY27 Growth As Ferrochrome Prices Stay Strong | ET Now,https://www.youtube.com/watch?v=HMRl02dtPnw
2026-05-27,Inventurus Knowledge Solutions Ltd,Bloomberg Quint,English,What's Driving AI-led Solutions Inventurus Knowledge? Group CFO Nithya Balasubramanian On KYC,https://www.youtube.com/watch?v=jtO6PcbIpsk
2026-05-27,Pacific Industries Ltd,CNBC-TV18,English,"The Big C India Monsoon 2026: Onset Delayed El Niño Threatens Below-Normal Rains Jatin Singh, Skymet",https://www.youtube.com/watch?v=gdO-hM2LBhU
2026-05-27,Shringar House of Mangalsutra Ltd,ET NOW Swadesh,Hindi,"Shringar House of Mangalsutra के Q4 Results, आय और मुनाफा पर CEO Chetan Thadeshwar का Outlook",https://www.youtube.com/watch?v=Mo_kHTlEuLg
2026-05-27,Black Box Ltd,ET NOW,English,Black Box Targets Revenue Tripling In 3 Years — Management Bullish | Watch | Business News | ET Now,https://www.youtube.com/watch?v=52XT7GMnmgk
2026-05-27,ZEN Technologies Ltd,ET NOW,English,Zen Technologies Unveils India’s First Smart Border System | Big Defence Opportunity Ahead?,https://www.youtube.com/watch?v=CA-bzAcmLH0
2026-05-27,Borosil Ltd,ET NOW,English,"Why Borosil Believes Glass Demand In India Is Just Getting Started | Costs, China Import & Expansion",https://www.youtube.com/watch?v=Sf77NEBvbCU
2026-05-27,Shringar House of Mangalsutra Ltd,ET NOW,English,Shringar House Of Mangalsutra Enters Bridal Jewellery | Big Expansion Plans Ahead | Business News,https://www.youtube.com/watch?v=sZyin6JS4mc
2026-05-27,Pine Labs Ltd,CNBC-TV18,English,Prior Losses Of ₹145 Cr Were Due To Upfront Investments: Pine Labs | CNBC TV18,https://www.youtube.com/watch?v=9mE_AcLaelE
2026-05-27,Carraro India Ltd,CNBC-TV18,English,Geopolitical Tensions May Impact Business Over The Next 1–2 Quarters: Carraro India | CNBC TV18,https://www.youtube.com/watch?v=uCgw-NsqG70
2026-05-27,Black Box Ltd,CNBC-TV18,English,"A Strong Q4FY26 For Black Box | Expect Operating Cash Flow To Start Improving In FY27, Says Company",https://www.youtube.com/watch?v=rQzx7i4Uc-A
2026-05-27,Oil India Ltd,ET NOW,English,Oil India’s Big Rajasthan Discovery! CMD Reveals Production Potential | Deepwater Exploration,https://www.youtube.com/watch?v=DlQowPCxVyY
2026-05-27,Transrail Lighting Ltd,CNBC-TV18,English,"A Weak Q4 For Transrail Lighting | Expect ₹10,000-11,000 Cr Of New Orders This Year, Says Company",https://www.youtube.com/watch?v=MAAnWAXdTcw
2026-05-27,Jindal Steel Ltd,ET NOW,English,Markets Break Range After Weeks! Here’s What Traders Should Watch Now | Business News | ET Now,https://www.youtube.com/watch?v=o0fjp2KCln8
2026-05-27,Vedanta Ltd,CNBC-TV18,English,LIVE | Tracking Latest Stock Market Headlines & Top Developments | India Business Hour | Top News,https://www.youtube.com/watch?v=D1f2VpGVtI8
2026-05-26,Infosys Ltd,NDTV Profit,English,"Global Chip Shortage Could Make Smartphones More Expensive, Warns Ex-Infosys CFO",https://www.youtube.com/watch?v=zGi4axZoivs
2026-05-26,Anand Rathi Wealth Ltd,Zee Business,Hindi,West Asia Tensions Impacting Economy? What Investors Should Know | Cover Story,https://www.youtube.com/watch?v=MHjxPnMDtok
2026-05-26,Sandesh Ltd,CNBC-TV18,English,Crude Oil Surges 70-80% Amid West Asia Conflict As Focus Shifts To Renewables,https://www.youtube.com/watch?v=s6Y1RNqyPD0
2026-05-26,Narayana Hrudayalaya Ltd,Bloomberg Quint,English,"Narayana Hrudayalaya Stock Analysis: Street Remains Bullish, But Risks Underpriced?",https://www.youtube.com/watch?v=axVKMuzGC0E
2026-05-26,Choice International Ltd,CNBC Awaaz,Hindi,क्या शेयर मार्केट में पैसा लगाने का यही सही समय है ? #BharatEconomicSamvad2026 #CNBCAwaaz,https://www.youtube.com/watch?v=slrLZV-0Bag
2026-05-26,Container Corporation of India Ltd,Bloomberg Quint,English,"Container Corporation Of India CMD On Weak Q4 Earnings, Margin Dip, Domestic Demand & More",https://www.youtube.com/watch?v=81g8pNfxIsU
2026-05-26,Vedanta Ltd,CNBC Awaaz,Hindi,"बिजनेस के मंच पर दिखा Vedanta Group के Chairman,अनिल अग्रवाल का संगीत प्रेम",https://www.youtube.com/watch?v=RLUxk7Yu3wU
2026-05-26,Infosys Ltd,Bloomberg Quint,English,Ex-Infosys CFO Mohandas Pai On The Shortage Of Chips & Possible Hike In Smartphone Prices #shorts,https://www.youtube.com/watch?v=IrmPT6cjMlk
2026-05-26,Awfis Space Solutions Ltd,CNBC-TV18,English,Expect Occupancy To Rise From Over 76% To 84% In FY27: Awfis Space Solutions | CNBC TV18,https://www.youtube.com/watch?v=0HYk0iuwPtk
2026-05-26,CRISIL Ltd,Zee Business,Hindi,WGC & Crisil Report on Gold Demand | Is Expensive Gold Changing Buying Patterns?,https://www.youtube.com/watch?v=GZzj1PeiKcw
2026-05-26,TVS Supply Chain Solutions Ltd,CNBC Awaaz,Hindi,TVS Supply Chain Solutions के नतीजों पर MD Ravi Viswanathan से हुई खास बातचीत | Know Your Company,https://www.youtube.com/watch?v=GmZjFkSZnYk
2026-05-26,Studds Accessories Ltd,ET NOW,English,Studds Accessories Sees Strong Demand Despite Global Geopolitical Concerns | Business News | ET Now,https://www.youtube.com/watch?v=A7UQiaUz_Ug
2026-05-26,Premier Energies Ltd,ET NOW,English,"Premier Energies Bets Big On India Solar Boom With ₹6,000 Crore Capex | Business News | ET Now",https://www.youtube.com/watch?v=HU5lYEK2QJw
2026-05-26,JSW Energy Ltd,ET NOW,English,"Big Update For Energy Investors! JSW Energy Talks Expansion, Debt & Storage Capacity | Business News",https://www.youtube.com/watch?v=C7eelSoVWTs
2026-05-26,HealthCare Global Enterprises Ltd,ET NOW,English,Healthcare Global Sees Strong Cancer Care Demand Despite Global Uncertainty | Business News | ET Now,https://www.youtube.com/watch?v=cwbIh6SHXAI
2026-05-26,Puravankara Ltd,CNBC-TV18,English,New Land Parcel Acquisition Funded Via HDFC Platform & Internal Accruals: Puravankara | CNBC TV18,https://www.youtube.com/watch?v=oBoPa9QWkrg
2026-05-26,Hyundai Motor India Ltd,CNBC Awaaz,Hindi,Make In India 2.0: भविष्य के उद्योग | Bharat Economic Samvad 2026 with Tarun Garg & Ishtiyaque Ahmad,https://www.youtube.com/watch?v=mE4pMhDRjPk
2026-05-26,Crizac Ltd,ET NOW,English,UK-India FTA Could Be A Game Changer For Education Companies! Crizac Planning More Acquisitions?,https://www.youtube.com/watch?v=sYUsMDRIaCc
2026-05-26,Gokaldas Exports Ltd,CNBC-TV18,English,Africa Portfolio Expected To See Sequential Growth: Gokaldas Exports | CNBC TV18,https://www.youtube.com/watch?v=EWcNC8K7hoE
2026-05-26,Poly Medicure Ltd,ET NOW,English,"Poly Medicure Sees ₹2,400 Crore FY27 Revenue Target — Here’s What’s Driving Growth | Business News",https://www.youtube.com/watch?v=f8CmPMpnt8w
2026-05-26,Suprajit Engineering Ltd-$,CNBC-TV18,English,"A Record Q4 For Suprajit Engineering | Consolidated EBITDA Margin Seen Rising To 12.50-13%, Says Co",https://www.youtube.com/watch?v=CXPevMi6RBM
2026-05-26,SBI Mutual Fund,Zee Business,Hindi,Mid & Small Cap Investing: Right Time to Enter or Stay Cautious? | DP Singh Shares Insights,https://www.youtube.com/watch?v=veRXuAGKdSE
2026-05-26,Indigo Paints Ltd,CNBC-TV18,English,A Decent Q4 For Indigo Paints | Value Growth Would Exceed Volume Growth By Around 10% In FY27: Co,https://www.youtube.com/watch?v=8u6jYuLi7iQ
2026-05-26,Poly Medicure Ltd,CNBC-TV18,English,"A Muted Q4 For Poly Medicure | New Products Could Generate ₹150 Cr Rev Over Next 2-3 Years, Says Co",https://www.youtube.com/watch?v=qBQbamVW5Kg
2026-05-26,Suzlon Energy Ltd,CNBC Awaaz,Hindi,"Suzlon Energy Q4 Results: Q4 में शानदार ग्रोथ, लेकिन Margin, Profit क्यों घटा? CFO Rahul Jain Speaks",https://www.youtube.com/watch?v=XtdIZK0-vSw
2026-05-26,Suzlon Energy Ltd,CNBC-TV18,English,"An In-Line Q4 For Suzlon Energy | Cash Cycle Expected To Improve By FY27-End, Says Company",https://www.youtube.com/watch?v=qKsMyTVzGpY
2026-05-25,Kotak Mahindra Bank Ltd,Zee Business,Hindi,Uday Kotak Honoured With Padma Bhushan For Trade And Industry,https://www.youtube.com/watch?v=QbhDGPmeVgU
2026-05-25,Neogen Chemicals Ltd,CNBC-TV18,English,"A Steady Q4 For Neogen Chemicals | Eyeing ₹300 Cr Revenue From Electrolyte Salts In FY27, Says Co",https://www.youtube.com/watch?v=FhjGCCCped4
2026-05-25,Sarda Energy & Minerals Ltd-$,CNBC-TV18,English,"A Strong Q4 For Sarda Energy | Q1FY27 Expected To A Strong Quarter As Power Rates Firm Up, Says C",https://www.youtube.com/watch?v=ihca8cX-S5k
2026-05-25,Indian Railway Finance Corporation Ltd,ET NOW,English,"Indian Railway Finance Corporation Enters Metro Financing with ₹13,500 Cr Hyderabad Deal | ET Now",https://www.youtube.com/watch?v=l5qq6gsBNy8
2026-05-25,Rainbow Children's Medicare Ltd,CNBC-TV18,English,"A Healthy Q4 For Rainbow Children's Medicare | ARPOB Expected To Grow At 5-6%, Says Company",https://www.youtube.com/watch?v=BsPJV77isYo
2026-05-25,Hindalco Industries Ltd,Zee Business,Hindi,Hindalco MD Satish Pai Reveals Growth Strategy After Q4 Results,https://www.youtube.com/watch?v=teQQqYddLl8
2026-05-25,Park Medi World Ltd,CNBC-TV18,English,"Park Medi World's Capacity Expansion Bet | To Add 1,500 Beds Says Company | CNBC TV18",https://www.youtube.com/watch?v=AH6hvsPNapk
2026-05-25,Greenlam Industries Ltd,ET NOW,English,Greenlam Industries Jumps 10%! CFO Reveals FY27 Growth & Margin Roadmap | Business News | ET Now,https://www.youtube.com/watch?v=62-TlK7XljE
2026-05-25,TTK Prestige Ltd,CNBC-TV18,English,"Strong Q4FY26 For TTK  Prestige | Induction Cooktops Drove 40% Of Overall Growth, Says Company",https://www.youtube.com/watch?v=JlSSPd_eDiE
2026-05-25,Hindalco Industries Ltd,CNBC-TV18,English,"Hindalco Q4 Beats Estimates | Targeting Net Debt/EBITDA Of 1.8-1.9x By FY27-End, Says Company",https://www.youtube.com/watch?v=9m7bvFytOdk
2026-05-25,Hindalco Industries Ltd,ET NOW,English,Hindalco Delivers RECORD EBITDA! Satish Pai Sees Stronger Q1 Ahead | Q4 Earnings Update | ET Now,https://www.youtube.com/watch?v=06rz9mOdr6o
2026-05-25,Arvind Ltd,Bloomberg Quint,English,Let The Rupee Hit 100! 16th Finance Commission Chairman Explains His Viral Tweet | Exclusive,https://www.youtube.com/watch?v=Nwfsfg7irNA
2026-05-25,Maharashtra Corporation Ltd,ET NOW Swadesh,Hindi,Cockroach Janta Party के संस्थापक अभिजीत दीपके के घर पहुंची पुलिस... | Maharashtra Police | Breaking,https://www.youtube.com/watch?v=QHOZAbWd30k
2026-05-25,Anupam Rasayan India Ltd,Bloomberg Quint,English,Why Anupam Rasayan Acquired Bliss GVS Pharma | Deputy CFO Vishal Thakkar Explains Strategy,https://www.youtube.com/watch?v=Xje0VULBkd4
2026-05-25,Vikran Engineering Ltd,ET NOW,English,Vikran Engineering’s Massive Solar Bet! CMD Reveals ₹5700 Cr Order Book Strategy | Business News,https://www.youtube.com/watch?v=30lYE2bXyDY
2026-05-25,Hindalco Industries Ltd,CNBC Awaaz,Hindi,Hindalco Q4 Results Analysis: नतीजों और फ्यूचर प्लान पर हिंडाल्को के MD सतीश पई से खास बातचीत,https://www.youtube.com/watch?v=MrakL4fcIxk
2026-05-25,CARE Ratings Ltd,Business Today,English,"Brent Dips Below $100/BBL, Petrol Surges Above ₹100, Diesel Crosses ₹95. Brace For Higher Inflation?",https://www.youtube.com/watch?v=p0230YPby2M
2026-05-25,Metro Brands Ltd,ET NOW,English,Metro Brands CEO Reveals Big Growth Plans For Clarks & Crocs In India | Business News | ET Now,https://www.youtube.com/watch?v=A0zjk8Vi3vM
2026-05-25,Fortis Healthcare Ltd,Bloomberg Quint,English,"Fortis Healthcare Q4 Breakout: 2,000-Bed Expansion Plan & 25% Margin Target Revealed",https://www.youtube.com/watch?v=eDPH4Bz3DM0
2026-05-25,Fortis Healthcare Ltd,ET NOW,English,"Fortis Healthcare Growth Story: Beds, Occupancy & Margin Expansion | Business News | ET Now",https://www.youtube.com/watch?v=9P2K61ppuT8
2026-05-25,Fortis Healthcare Ltd,Zee Business,Hindi,Fortis Healthcare CFO Vivek Goyal On Growth And Future Strategy,https://www.youtube.com/watch?v=lBVx9oFR1AA
2026-05-24,Welspun Corp Ltd,Zee Business,Hindi,"AI Demand, Oil Prices and Global Expansion: What’s Next for Welspun Corp?",https://www.youtube.com/watch?v=vWIp9lajMUc
2026-05-24,Shankara Buildpro Ltd,Zee Business,Hindi,Shankara Buildpro MD Sukumar Srinivas Reveals Future Expansion and Growth Plans,https://www.youtube.com/watch?v=_3ELq30JJLs
2026-05-24,Welspun Living Ltd,Zee Business,Hindi,"Welspun Living CEO Dipali Goenka Talks Business, Growth and Challenges",https://www.youtube.com/watch?v=9akUqK5xUSM
2026-05-24,Sammaan Capital Ltd,Zee Business,Hindi,Is Sammaan Capital Finally Cleaning Up Its Balance Sheet? Deputy CEO Himanshu Mody Explains,https://www.youtube.com/watch?v=nrkx1-xkxYY
2026-05-23,Frontline Corporation Ltd,CNBC-TV18,English,The Elon Musk Effect: What Inspired Awais Ahmed To Build Pixxel | Young Turks Reloaded | CNBC TV18,https://www.youtube.com/watch?v=uGa5oDgQYkQ
2026-05-23,Dollar Industries Ltd,CNBC-TV18,English,Why A SpaceX IPO Could Trigger A Boom In Indian Space Startups | Elon Musk | N18S,https://www.youtube.com/watch?v=rvkp5SFsvuo
2026-05-23,Incredible Industries Ltd,Business Today,English,#Podcast | #Episode13 | Startup Behind India's Rocket Dream | Skyroot’s Journey To Building Vikram-1,https://www.youtube.com/watch?v=YNXdPUryxpc
2026-05-22,Spectra Industries Ltd,CNBC-TV18,English,"Pixxel CEO Awais Ahmed On Orbital Data Centres, AI In Space & India’s Space-Tech Race | CNBC TV18",https://www.youtube.com/watch?v=J1mlmzrmw_o
2026-05-22,Vedanta Ltd,Zee Business,Hindi,Anil Agarwal Pushes For Bihar IPL Team | Bihar Sports Minister Reacts,https://www.youtube.com/watch?v=8fvLC2cb7P4
2026-05-22,Swiggy Ltd,Business Today,English,Swiggy’s India-Control Plan Fails After Shareholders Reject Key Proposal,https://www.youtube.com/watch?v=xULEVuH4Vgo
2026-05-22,Life Insurance Corporation of India,Zee Business,Hindi,LIC’s Plan for Agent Commission Restructuring Explained,https://www.youtube.com/watch?v=VILg8CRBILs
2026-05-22,Bikaji Foods International Ltd,ET NOW Swadesh,Hindi,"Bikaji Foods के Q4 Results, आय, EBITDA और मार्जिन पर COO Manoj Verma & CFO Rishabh Jain का Outlook",https://www.youtube.com/watch?v=YbugKOJNfVE
2026-05-22,Samhi Hotels Ltd,ET NOW,English,Why SAMHI Hotels Could Be India’s Most Underrated Hospitality Stock | Big Growth Strategy | ET Now,https://www.youtube.com/watch?v=UTZ63yQVB_o
2026-05-22,Arvind SmartSpaces Ltd,CNBC-TV18,English,Arvind SmartSpaces Reports Strong Q4FY26; Expects 30-35% Booking Growth Ahead | CNBC TV18,https://www.youtube.com/watch?v=T53CeoyMgC8
2026-05-22,Life Insurance Corporation of India,Bloomberg Quint,English,LIC CEO Reveals Big Growth Plan After Strong Q3 & Q4: What Investors Need To Know,https://www.youtube.com/watch?v=iVNiAx0cnhk
2026-05-22,Dollar Industries Ltd,Bloomberg Quint,English,Why Rupee Weakness Is Actually An Opportunity For India: Pankaj Tibrewal Explains,https://www.youtube.com/watch?v=qyGiT32g1Hw
2026-05-22,Godawari Power and Ispat Ltd,Bloomberg Quint,English,"Godawari Power & Ispat Mgnt Bets Big On Battery Storage | ₹10,000 Cr Target Explained",https://www.youtube.com/watch?v=VQ7G1aC5_o0
2026-05-22,IDFC First Bank Ltd,Bloomberg Quint,English,RBI’s ₹3.5 Trillion Dividend Dilemma: Will They Slash The Risk Buffer To Save The Rupee?,https://www.youtube.com/watch?v=vKQvnWDRm8E
2026-05-22,HealthCare Global Enterprises Ltd,CNBC-TV18,English,"A Healthy Q4 HealthCare Global | Intentionally Scaling Down Low-Margin Business, Says Company",https://www.youtube.com/watch?v=6x0LR9zfDs0
2026-05-22,VA Tech Wabag Ltd,Business Today,English,"VA Tech Wabag Q4 Results | Management On Growth, Margins & Massive Order Pipeline",https://www.youtube.com/watch?v=gdI0TZ4T_Yo
2026-05-22,Metro Brands Ltd,ET NOW Swadesh,Hindi,"Metro Brands के Q4 Results, EBITDA, Margin, आय और मुनाफा पर CFO Kaushal Parikh का Outlook | ETNS",https://www.youtube.com/watch?v=laQupE2OSu0
2026-05-22,VA Tech Wabag Ltd,CNBC-TV18,English,"A Good Q4 For VA Tech Wabag | Execution Could Surpass 20% Guidance In FY27, Says Company |",https://www.youtube.com/watch?v=SVb-0OuSdAs
2026-05-22,Eternal Ltd,Bloomberg Quint,English,Is Eternal A Better Pick Now After Swiggy Shareholder Vote Fails | Kush Bohra Weighs In,https://www.youtube.com/watch?v=KsbB_m-DrsU
2026-05-22,Oil India Ltd,Bloomberg Quint,English,Crude Above $100? The 60-90 Basis Points GDP Hit & India’s Swelling Fertilizer Subsidy Crisis,https://www.youtube.com/watch?v=aKZyruzww6s
2026-05-22,Dollar Industries Ltd,Mint,English,"Live: DOJ Announces 'Major Law Enforcement Action Involving Fraud"" in Minnesota | Todd Blanche | US",https://www.youtube.com/watch?v=0dj8W303lj4
2026-05-21,Real Growth Corporation Ltd,Zee Business,Hindi,SPR Rally: Real Growth Story or Just Market Hype?,https://www.youtube.com/watch?v=-inpuoIPXgM
2026-05-21,Saatvik Green Energy Ltd,ET NOW,English,"Saatvik Green Crashes 5% After Q4 Shock! CEO Explains Margin Collapse & ₹8,000 Cr Order Book",https://www.youtube.com/watch?v=nHb4oZM2bxc
2026-05-21,Embassy Developments Ltd,CNBC-TV18,English,"All 2026 Launches Are New Developments, Resulting In A Gradual Ramp-Up: Embassy Developments",https://www.youtube.com/watch?v=JKAbwka-Cu0
2026-05-21,Zydus Lifesciences Ltd,ET NOW,English,Zydus Lifesciences Q4 Blowout! Management Reveals FY27 Growth Roadmap | Business News | ET Now,https://www.youtube.com/watch?v=n5BemOaP2uw
2026-05-21,Pan India Corporation Ltd,CNBC-TV18,English,Will Launch RAINMUMBAI Futures & Pan-India Weather Derivatives: NCDEX | CNBC TV18,https://www.youtube.com/watch?v=2faBRE0Tv4I
2026-05-21,EPACK Durable Ltd,ET NOW,English,Why EPACK Durable Stock Is Under Pressure? CEO Explains Margin Collapse & Growth Roadmap |ET Now,https://www.youtube.com/watch?v=mcmtbmeQ6y8
2026-05-21,Zydus Lifesciences Ltd,CNBC-TV18,English,Zydus Lifesciences Q4 Beats Estimates; Focus Remains On Strengthening US Base Business | CNBC TV18,https://www.youtube.com/watch?v=Fb86qb-n_kg
2026-05-21,Talbros Automotive Components Ltd,ET NOW,English,Talbros Auto Surges After Strong Q4! Management Sees Big Export Boom | Business News | ET Now,https://www.youtube.com/watch?v=dpcVYSc8dKk
2026-05-21,EPACK Durable Ltd,CNBC-TV18,English,"Epack Durable Q4FY26 Earnings, Margin Pressure Drags Earnings | CNBC TV18",https://www.youtube.com/watch?v=1cX5QSdx62Y
2026-05-21,Sammaan Capital Ltd,CNBC-TV18,English,Sammaan Capital Shares Rally Despite Q4 Loss As Company Uses IHC’s Capital to Cut NPAs to Zero,https://www.youtube.com/watch?v=lQu9fmAg-xE
2026-05-21,Carysil Ltd,CNBC-TV18,English,Maintain 15–20% Revenue CAGR Guidance Going Ahead: Carysil India | CNBC TV18,https://www.youtube.com/watch?v=QF4u4anXZao
2026-05-21,Anand Rathi Wealth Ltd,Bloomberg Quint,English,Sell Gold For The Country? Anand Rathi CEO's Viral Appeal Explained,https://www.youtube.com/watch?v=s-0FryU7R50
2026-05-21,Karnataka Bank Ltd,Bloomberg Quint,English,"Karnataka Bank CEO Raghavendra Bhat Explains FY27 Growth Strategy |Loan Growth, Asset Quality & more",https://www.youtube.com/watch?v=3vOWmKvb3Gc
2026-05-21,Anand Rathi Wealth Ltd,Business Today,English,"Rupee Crash, Gold Rally & Oil Shock: Feroze Azeez Decodes India’s Big Market Risks",https://www.youtube.com/watch?v=N_5y3njBtvQ
2026-05-21,Metro Brands Ltd,CNBC Awaaz,Hindi,Metro Brands Q4 Results: नतीजों और ग्रोथ आउटलुक पर CFO Kaushal Parekh ने क्या कहा ?,https://www.youtube.com/watch?v=OAuq66VcYVI
2026-05-21,Samvardhana Motherson International Ltd,Bloomberg Quint,English,"Why Samvardhana Motherson Is Betting Big Beyond EVs | Hybrids, Aerospace & Electronics",https://www.youtube.com/watch?v=ti2fv85PBT0
2026-05-21,Texmaco Rail & Engineering Ltd,ET NOW,English,"Texmaco Rail Big Bet On Africa, Defence & Metro | Massive Growth Roadmap Revealed | Business News",https://www.youtube.com/watch?v=_O7P9q3bR8c
2026-05-21,Sammaan Capital Ltd,CNBC Awaaz,Hindi,Sammaan Capital के नतीजों और कंपनी की ग्रोथ स्ट्रैटेजी को लेकर MD & CEO Gagan Banga से जानिए आउटलुक,https://www.youtube.com/watch?v=vnU_0ZZh2_k
2026-05-21,Indiqube Spaces Ltd,ET NOW,English,IndiQube Says: Work From Home Push Hasn’t Hurt Office Demand Yet | Office Demand Is Rising? | ET Now,https://www.youtube.com/watch?v=OB0bPapUywE
2026-05-21,Samvardhana Motherson International Ltd,CNBC-TV18,English,Good Q4 For Samvardhana Motherson | Expect Non-Auto Contribution To Rise Significantly By 2030: Co,https://www.youtube.com/watch?v=v42sBz6MNvE
2026-05-21,TeamLease Services Ltd,ET NOW,English,"Why TeamLease Is Cutting 10,000 Jobs Yet Staying Bullish On FY27 | Ramani Dathi | Business News",https://www.youtube.com/watch?v=o8aNC-ONyuo
2026-05-21,Karnataka Bank Ltd,ET NOW,English,Karnataka Bank Targets 20% Loan Growth Amid Improving Asset Quality | Q4 Earnings Explained | ET Now,https://www.youtube.com/watch?v=QibGR1D0kSI
2026-05-21,Metro Brands Ltd,Bloomberg Quint,English,"Metro Brands Bets Big On Clarks, Fila & Mochi Expansion | Can It Sustain 22–24% EBITDA Margins?",https://www.youtube.com/watch?v=CocbDqPtFJg
2026-05-21,Dollar Industries Ltd,Business Today,English,"Exclusive: Gita Gopinath Warns West Asia Crisis Could Deepen Inflation, Flags Risks For Small Firms",https://www.youtube.com/watch?v=e2cWWD8YsC4
2026-05-21,Metro Brands Ltd,CNBC-TV18,English,"A Good Q4 For Metro Brands | Input & Freight Costs Have Risen Due To Iran-US Conflict, Says Company",https://www.youtube.com/watch?v=yQ-7sZDAhSU
2026-05-20,Anand Rathi Wealth Ltd,Zee Business,Hindi,Why Is the Rupee Falling So Fast Against the Dollar? | Cover Story,https://www.youtube.com/watch?v=B-6zEaXxU3Y
2026-05-20,Star Health and Allied Insurance Company Ltd,ET NOW,English,Star Health and Allied Insurance Company Launches Affordable Plan for Tier-2 and Tier-3 Cities,https://www.youtube.com/watch?v=wUxPIe7STrM
2026-05-20,Mankind Pharma Ltd,CNBC-TV18,English,Mankind Pharma Up 3% Post An Operationally Strong Q4FY26 Earnings | CNBC TV18,https://www.youtube.com/watch?v=6--BH3dpB9Y
2026-05-20,Orkla India Ltd,CNBC-TV18,English,Orkla India Reports Soft Revenue Growth In Q4FY26 Earnings | CNBC TV18,https://www.youtube.com/watch?v=9G4aNbjP9XM
2026-05-20,Mankind Pharma Ltd,ET NOW Swadesh,Hindi,"Mankind Pharma के Q4 Results, कारोबार, आय, मुनाफा और EBITDA पर MD & VC Rajeev Juneja का Outlook",https://www.youtube.com/watch?v=gCXLQ8I6vR4
2026-05-20,Dollar Industries Ltd,Zee Business,Hindi,Is the Indian Rupee Heading Towards 100 per Dollar?,https://www.youtube.com/watch?v=T7Ppa-HJjpo
2026-05-20,Astral Ltd,CNBC Awaaz,Hindi,Astral के Q4 नतीजों और कंपनी ग्रोथ स्ट्रैटेजी पर CFO Hiranand Savlani से जानिए Outlook,https://www.youtube.com/watch?v=uSrsFIbniV8
2026-05-20,Anand Rathi Wealth Ltd,ET NOW,English,What If Rich Indians Sold Just 100 Grams Of Gold? Firoz Aziz Explains Massive Impact | Business News,https://www.youtube.com/watch?v=DkCC7w9j2qU
2026-05-20,Borosil Ltd,CNBC-TV18,English,Borosil Reports Weak Q4 Earnings; Revenue Expected To Grow At 15-16% CAGR Annually | CNBC TV18,https://www.youtube.com/watch?v=sGK853xd5lo
2026-05-20,Puravankara Ltd,Zee Business,Hindi,Real Estate Market Heating Up? Puravankara CEO Explains Everything,https://www.youtube.com/watch?v=r18SBuj7V8A
2026-05-20,Reliance Industries Ltd,CNBC-TV18,English,RIL CMD Mukesh Ambani & Son Anant Ambani Visit Bengaluru's Art Of Living Centre | N18S,https://www.youtube.com/watch?v=5Mh6Vt9P9oc
2026-05-20,Zydus Wellness Ltd-$,CNBC-TV18,English,"A Decent Q4 For Zydus Wellness | International Busines Growth At 31-32%, Says Company | CNBC TV18",https://www.youtube.com/watch?v=FOGhtZ2RKtQ
2026-05-20,Zydus Wellness Ltd-$,ET NOW,English,"Protein Boom, GLP-1 Drugs & Summer Demand: Zydus Wellness Big Bets Explained | Business News",https://www.youtube.com/watch?v=ySGD9o9T_98
2026-05-20,BLS International Services Ltd,CNBC-TV18,English,Will Continue To Target 20-25% Growth In The Next Few Years: BLS International Services | CNBC TV18,https://www.youtube.com/watch?v=WOeVVQkPsB4
2026-05-20,Symphony Ltd,ET NOW,English,Heatwave Returns! Symphony To Hike Prices From July 1 With Strong Cooler Demand Across India,https://www.youtube.com/watch?v=ECa2I4jciwo
2026-05-20,Welspun Living Ltd,Zee Business,Hindi,Dipali Goenka Reveals Welspun Living’s Next Big Growth Plan,https://www.youtube.com/watch?v=0m_zQjW_mww
2026-05-20,Shankara Buildpro Ltd,Zee Business,Hindi,Result Boardroom | Shankara Buildpro Profit Jumps Big! What’s Driving Growth? MD Sukumar Srinivas,https://www.youtube.com/watch?v=QcDquvRpNcc
2026-05-19,Empire Industries Ltd,CNBC-TV18,English,Mango Founder Isak's Son Jonathan Arrested | N18G,https://www.youtube.com/watch?v=oRB_TZdAU0U
2026-05-19,HT Media Ltd,Mint,English,"'Layoffs Due To Rising Cost Pressures, Economic Picture Grim' : Zoho’s Sridhar Vembu Warns",https://www.youtube.com/watch?v=RBM2Szxv1lw
2026-05-19,Dollar Industries Ltd,CNBC-TV18,English,US Firms Eye Multi-Billion Dollar Opportunity In India’s Nuclear Push | Newscentre,https://www.youtube.com/watch?v=Mp5_dZFV2TI
2026-05-19,Wonderla Holidays Ltd,Bloomberg Quint,English,Wonderla Holidays Q4 Results: 5 Key Takeaways For Investors,https://www.youtube.com/watch?v=cTYPDPSaYA8
2026-05-19,Choice International Ltd,Zee Business,Hindi,"Zee Business, India Expo Centre & Mart and Choice present Money Alpha 360 | Episode",https://www.youtube.com/watch?v=nHTS1QyOmIU
2026-05-19,Indraprastha Gas Ltd,ET NOW,English,IGL Volumes Surge Despite Gas Crisis! Can Margins Survive FY27? | IGL Q4 Decoded | ET Now,https://www.youtube.com/watch?v=9VMrpIgV5VE
2026-05-19,Indraprastha Gas Ltd,Business Today,English,"IGL Q4 Results | MD Kamal Kishore Chatiwal On LNG Crisis, Margins & Outlook",https://www.youtube.com/watch?v=iAcQkwTPDR4
2026-05-19,Maharashtra Corporation Ltd,Bloomberg Quint,English,"KIMS Hospitals Expansion Explained | CMD On New Hospitals, Occupancy & Profitability",https://www.youtube.com/watch?v=DTso9s5cBg8
2026-05-19,OM Infra Ltd,ET NOW,English,The Conviction to Make It Big | Dr. Bondada Raghavendra Rao at ETNow.in Business Conclave & Awards,https://www.youtube.com/watch?v=aQyRvipBd8E
2026-05-19,Hindustan Copper Ltd,CNBC Awaaz,Hindi,Hindustan Copper के Q4 नतीजों और कॉपर की डिमांड पर CMD Sanjiv Kumar Singh से जानिए आउटलुक,https://www.youtube.com/watch?v=q9mGp_J5_ws
2026-05-19,Infosys Ltd,Business Today,English,"Market Masters LIVE: Pankaj Murarka On Market Risks, Earnings Growth & Investment Strategy",https://www.youtube.com/watch?v=I1ZZUQxQqoU
2026-05-19,Genus Power Infrastructures Ltd-$,CNBC-TV18,English,"A Mixed Q4 For Genus Power | Expect Revenue To Grow In The Range Of ₹6,000-6,500 Cr In FY27, Says Co",https://www.youtube.com/watch?v=BWoo757NlFM
2026-05-19,Hindustan Copper Ltd,ET NOW,English,"Hindustan Copper Q4: CMD Explains 54% EBITDA Margin, Copper Rally & Expansion Plans | Business News",https://www.youtube.com/watch?v=kvazST-Lqr4
2026-05-19,Hindustan Copper Ltd,Business Today,English,"Hindustan Copper On Track To Achieve 12.5 MTPA Capacity By 2030-31,Active Talks With Chile’s CODELCO",https://www.youtube.com/watch?v=6mt_XWzfizg
2026-05-19,Hindustan Copper Ltd,CNBC-TV18,English,A Good Q4 For Hindustan Copper | FY27 Copper Ore Production Seen At 4.7 Mt Vs 3.67 Mt In FY26: Co,https://www.youtube.com/watch?v=X7DVvvp5Lj0
2026-05-18,Jana Small Finance Bank Ltd,Bloomberg Quint,English,What's Behind TVS Venu's Jana SFB Stake Purchase Move,https://www.youtube.com/watch?v=-2Uzs2m9fM8
2026-05-18,Jana Small Finance Bank Ltd,CNBC-TV18,English,"India Business Hour | Rupee At A Record Low, Oil Prices Above $110/Barrel, PM Modi In Norway & More",https://www.youtube.com/watch?v=wCkEIdEhGXk
2026-05-18,JSW Steel Ltd,Mint,English,How JSW Steel's Joint Ventures Put It On Track To Being Among Top Global Steelmakers Outside China,https://www.youtube.com/watch?v=khSPFc5ptgE
2026-05-18,Spectra Industries Ltd,CNBC-TV18,English,The SpaceX Visit That Changed This Founder’s Life | Young Turks Reloaded | N18S,https://www.youtube.com/watch?v=oPg-p_tPlc0
2026-05-18,HDFC Bank Ltd,ET NOW,English,HDFC Bank Chairman Race Heats Up; NRC Likely To Shortlist Candidates Soon | ET Now Exclusive,https://www.youtube.com/watch?v=dIoqTwDTUA4
2026-05-18,HDFC Bank Ltd,CNBC-TV18,English,HDFC Bank's Interim Chair Keki Mistry May Get A 90-day Extension: Sources | Business 360,https://www.youtube.com/watch?v=ieG5HyJev7U
2026-05-18,Tata Steel Ltd,CNBC-TV18,English,India's Steel Use Per Capita Hits The 100-Kg Milestone | Tata Steel's Narendran Expects 8–10% Growth,https://www.youtube.com/watch?v=SYG1wY7msQM
2026-05-18,Tata Steel Ltd,ET NOW,English,Tata Steel’s Europe Recovery Could Change The Entire Story? | FY27 Demand Outlook | Business News,https://www.youtube.com/watch?v=7jxRfe3iUtg
2026-05-18,Nitin Spinners Ltd,Bloomberg Quint,English,India Faces Cotton Shortage: Textile Industry Flags Supply Crisis,https://www.youtube.com/watch?v=-aVAd1yJXQs
2026-05-18,Tata Steel Ltd,CNBC Awaaz,Hindi,Tata Steel Q4 Results: Q4 नतीजों और कंपनी की ग्रोथ पर MD & CEO T. V. Narendran से जानिए आउटलुक,https://www.youtube.com/watch?v=ZvkoNudwi4M
2026-05-18,Bondada Engineering Ltd,ET NOW,English,"Adani, NTPC Orders Power Bondada Engineering’s Aggressive Growth Story | Renewable Energy Push",https://www.youtube.com/watch?v=9TUinK_q7kM
2026-05-18,Ganesh Housing Ltd-$,CNBC Awaaz,Hindi,"अहमदाबाद में टेक और GCC सेंटर का उद्घाटन, Ganesh Housing MD & CEO शेखर पटेल से जानिए आउटलुक",https://www.youtube.com/watch?v=w93a2E7vRbc
2026-05-18,R Systems International Ltd,ET NOW,English,IKS Now Controls The Software Behind 700+ US Hospitals | The $565 Million TrueBridge Gamble,https://www.youtube.com/watch?v=vfiHsfoXK58
2026-05-18,Pearl Global Industries Ltd,ET NOW Swadesh,Hindi,"Pearl Global के Q4 Results, आय, मुनाफा, EBITDA और Margin पर MD Pallab Banerjee का Outlook | ETNS",https://www.youtube.com/watch?v=pEXGMMjstXQ
2026-05-18,Symphony Ltd,CNBC-TV18,English,Symphony Says Demand Better Than Last Year Despite Weak Q4 | CNBC TV18,https://www.youtube.com/watch?v=T8jDIj4LPuU
2026-05-18,Fusion Finance Ltd,ET NOW,English,"Fusion Finance Q4 Profit At ₹114 Crore; ROA Hits 2% As ₹10,000 Crore Growth Plan Stays On Track",https://www.youtube.com/watch?v=9rVdxhQnwXE
2026-05-18,Rashi Peripherals Ltd,Zee Business,Hindi,Rashi Peripherals Delivers Massive Q4 Growth | What’s Next for the Company? | Corporate Radar,https://www.youtube.com/watch?v=Wbp15vCgQ4s
2026-05-18,Dodla Dairy Ltd,CNBC-TV18,English,Dodla Dairy Bets On Higher Volumes & Better Margins In FY27 | CNBC TV18,https://www.youtube.com/watch?v=FyDK2wvqVDA
2026-05-18,JSW Steel Ltd,CNBC-TV18,English,JSW Energy Sells JSW Steel Stake | Stake Sale Will Improve Return On Capital Employed: JSW Energy,https://www.youtube.com/watch?v=wPsHhZKulYY
2026-05-18,Arvind Ltd,CNBC-TV18,English,"Good Q4 For Arvind | Expect Advanced Materials Segment To Grow At Around 18-20% In FY27, Says Co",https://www.youtube.com/watch?v=HupBpIr00xQ
2026-05-18,Pearl Global Industries Ltd,ET NOW,English,Textile Sector Comeback? Pearl Global MD Explains FY27 Outlook | India’s FTA Advantage | ET Now,https://www.youtube.com/watch?v=RZw3p9341e4
2026-05-18,Blue Star Ltd,Bloomberg Quint,English,"‘Macro Economic Condition Not Good, Margins To Remain Tight’: Blue Star MD On NDTV Profit",https://www.youtube.com/watch?v=UANg9m5zTwI
2026-05-18,NLC India Ltd,ET NOW,English,NLC India Q4 Result: Targets Massive Expansion With ₹1.25 Lakh Crore Capex Plan & Big Bet On BESS,https://www.youtube.com/watch?v=kjdZYr7KLBs
2026-05-18,UNO Minda Ltd-$,ET NOW,English,Uno Minda’s Massive EV Bet! 7 New Plants Coming Online Soon! | FY27 Decoded! | Business News,https://www.youtube.com/watch?v=hevMlid-DPw
2026-05-18,Vodafone Idea Ltd,CNBC-TV18,English,"Vodafone Idea Reports A Good Q4;  Promoter Aditya Birla To Infuse ₹4,730 Crore | CNBC TV18",https://www.youtube.com/watch?v=Ccg9OVymE9w
2026-05-18,Alembic Ltd,ET NOW,English,Alembic Pharma Bets Big On US Branded Drugs With New Launch | Next Big Growth Engine | ET Now,https://www.youtube.com/watch?v=z8cBsfwewDM
2026-05-17,Hyundai Motor India Ltd,Zee Business,Hindi,"Hyundai Motor India Explains Growth, Capacity Expansion and Export Challenges",https://www.youtube.com/watch?v=d5LIGOWueac
2026-05-17,HealthCare Global Enterprises Ltd,Bloomberg Quint,English,The Exceptionals Insight Series LIVE: Dr BS Ajai Kumar On His Inspiring Growth Story,https://www.youtube.com/watch?v=HGhiUb327oQ
2026-05-17,Indian Hotels Company Ltd,Zee Business,Hindi,Can Domestic Tourism Get a Boost? Indian Hotels MD Puneet Chhatwal Explains,https://www.youtube.com/watch?v=NeE7-NvZSTM
2026-05-17,Vidya Wires Ltd,Zee Business,Hindi,Results Boardroom | Can AI and Data Centers Become Game Changers for Vidya Wires?,https://www.youtube.com/watch?v=e9bJKWdV2BI
2026-05-15,Arvind Ltd,CNBC Awaaz,Hindi,Plot vs Flat: Best Property Investment Strategy Explained | The Real Estate Show | Vipin Bhatt,https://www.youtube.com/watch?v=O43942wJC3Y
2026-05-15,Dollar Industries Ltd,Zee Business,Hindi,Weak Rupee Raises Big Concerns for Indian Economy | Cover Story,https://www.youtube.com/watch?v=VVABDC4SyhI
2026-05-15,Dollar Industries Ltd,Bloomberg Quint,English,How Bad Is The Economic Impact On India? Maneesh Dangi Breaks It Down With NDTV Profit's Editors,https://www.youtube.com/watch?v=fL7it-J-t7E
2026-05-15,Platinum Industries Ltd,Business Today,English,Let Rupee Fall & Petrol Prices Rise To Fix India’s Economy: 16th Finance Chief Arvind Panagariya!,https://www.youtube.com/watch?v=W9b9k8CtjJA
2026-05-15,Senores Pharmaceuticals Ltd,CNBC-TV18,English,Senores Pharma Jumps 7% After 53% Revenue Growth; Sees 50–60% PAT Growth In FY27 | CNBC TV18,https://www.youtube.com/watch?v=QOHh7uobRSo
2026-05-15,Chalet Hotels Ltd,CNBC Awaaz,Hindi,Chalet Hotels Q4 Results: नतीजों और कंपनी की ग्रोथ स्ट्रैटेजी पर CFO नितिन खन्ना से खास चर्चा,https://www.youtube.com/watch?v=HpCUALdMg50
2026-05-15,NLC India Ltd,CNBC Awaaz,Hindi,NLC India Q4 Results: Q4 नतीजों पर NLC India के MD & चेयरमैन Prasanna Kumar M से जानिए आउटलुक,https://www.youtube.com/watch?v=l1SDX3q2Yb8
2026-05-15,Chalet Hotels Ltd,CNBC-TV18,English,"Good Q4 For Chalet Hotels | Commercial Rentals Will Scale To ₹42 Cr/Month In FY29, Says Company",https://www.youtube.com/watch?v=PjxJNXL06Z0
2026-05-15,Senco Gold Ltd,ET NOW Swadesh,Hindi,Senco Gold के MD & CEO Suvankar Sen ने बताया क्यों बढ़ी Gold-Silver पर Import Duty? | ET Now Swadesh,https://www.youtube.com/watch?v=DDsOnW-A1OI
2026-05-15,Sheela Foam Ltd,ET NOW,English,Sheela Foam Soars 16% After Massive Earnings Surprise | What’s Driving The Rally? | Business News,https://www.youtube.com/watch?v=6RdUyGWywP8
2026-05-15,Vishal Mega Mart Ltd,ET NOW,English,Vishal Mega Mart’s Q4 Numbers Surprise The Street! CEO Explains Growth Strategy | Business News,https://www.youtube.com/watch?v=Q9uHqJx5ceM
2026-05-15,Indian Railway Finance Corporation Ltd,ET NOW,English,IRFC’s Big Shift: High-Margin Railway Ecosystem Loans To Drive Double-Digit Growth | Business News,https://www.youtube.com/watch?v=sKHYLzFufmw
2026-05-15,Maharashtra Corporation Ltd,ET NOW,English,Allied Blenders Bets Big On Premium Liquor Growth & Global Expansion | Business News | ET Now,https://www.youtube.com/watch?v=qgfqYiDlFso
2026-05-15,Galaxy Surfactants Ltd,CNBC-TV18,English,Incoming Raw Materials Were Stuck In Shipments Last Qtr: Galaxy Surfactants | CNBC TV18,https://www.youtube.com/watch?v=Yem7odYwL60
2026-05-15,Shadowfax Technologies Ltd,CNBC-TV18,English,"A Good Q4 For Shadowfax Technologies | Profitability Seen Improving By 100-120 Bps, Says Company",https://www.youtube.com/watch?v=bsoeyqHS6Y0
2026-05-15,Waaree Energies Ltd,ET NOW,English,Waaree Energies Bets Big On Battery Storage; India’s Renewable Story Enters New Phase | ET Now,https://www.youtube.com/watch?v=qK-tmXe6fm0
2026-05-15,Muthoot Finance Ltd,Bloomberg Quint,English,"Muthoot Finance MD On Q4 Earnings, Gold Demand, Margins & FY27 Growth Outlook",https://www.youtube.com/watch?v=KDvQBlCorUE
2026-05-15,JSW Steel Ltd,ET NOW,English,JSW Steel Targets Massive 78 Million Ton Capacity Expansion By FY32 | Growth Roadmap After Strong Q4,https://www.youtube.com/watch?v=ZphgSE36r60
2026-05-15,Welspun Corp Ltd,CNBC-TV18,English,"A Good Q4FY26 For Welspun Enterprises | Labour Shortage Issue Is Now Improving, Says Company",https://www.youtube.com/watch?v=U5xB0hrSDDQ
2026-05-15,Vishal Mega Mart Ltd,CNBC-TV18,English,"Good Q4 For Vishal Mega Mart | PE Investors Remain Committed To The Biz For The Longer Term, Says Co",https://www.youtube.com/watch?v=Z_f_0pRfsCU
2026-05-15,JSW Steel Ltd,Bloomberg Quint,English,"JSW Steel CEO On Q4 Results Rising Steel Prices, India Growth Story & Expansion Plans",https://www.youtube.com/watch?v=0zpQDqYQNEc
2026-05-15,Torrent Power Ltd,CNBC-TV18,English,"Torrent Power Q4 Revenue Flat | Upcoming Cargo Shipment Is Not Via Strait Of Hormuz, Says Company",https://www.youtube.com/watch?v=EaRIqJ-cW7k
2026-05-15,Vishal Mega Mart Ltd,Zee Business,Hindi,Vishal Mega Mart Future Plans Explained By MD & CEO Gunender Kapoor | Result Boardroom,https://www.youtube.com/watch?v=QMcFXVEfJYM
2026-05-15,Sharda Cropchem Ltd,Business Today,English,"LIVE | Sharda Cropchem Q4: Profit Jumps 56%, Margins Hit Multi-Quarter High",https://www.youtube.com/watch?v=ClJeovA5zn0
2026-05-15,Bharti Airtel Ltd,Business Today,English,Sunil Bharti Mittal Signals Leadership Transition At Bharti Airtel Over Next Decade,https://www.youtube.com/watch?v=dzfLYoQynjg
2026-05-15,Muthoot Finance Ltd,CNBC-TV18,English,"A Strong Q4 For Muthoot Finance | Rising Borrowing Costs Led To Hike In Lending Rates, Says Company",https://www.youtube.com/watch?v=zmq9Z6NaP7U
2026-05-15,Raymond Ltd,CNBC-TV18,English,India Hikes Petrol & Diesel Prices By ₹3/Litre Amid Iran-US Crisis: More Price Hikes In The Future?,https://www.youtube.com/watch?v=QIcN5kbjIO4
2026-05-14,Pacific Industries Ltd,NDTV Profit,English,Trump China Visit | Why Elon Musk and Silicon Valley Giants Joined Trump's China Visit,https://www.youtube.com/watch?v=3d38561THtc
2026-05-14,Arvind Ltd,NDTV Profit,English,“India Better Placed Than Most Economies”: Arvind Panagariya Amid Global Crisis,https://www.youtube.com/watch?v=WdxJYw-Y8Cc
2026-05-14,Arvind Ltd,Bloomberg Quint,English,'Need To Be Cautious But...': Economist Weighs In On PM Modi's Appeal,https://www.youtube.com/watch?v=lehr_X88lHQ
2026-05-14,HT Media Ltd,Mint,English,"'This Is Huge, Top Performers Fired': LinkedIn To Fire 5% Staff Despite Strong Revenues This Quarter",https://www.youtube.com/watch?v=GwYA94xrXDg
2026-05-14,Bharti Airtel Ltd,ET NOW,English,Bharti Airtel Jumps on Big Stake Deal | Airtel Africa Holding Tops 79% #shorts #bhartiairtel #viral,https://www.youtube.com/watch?v=bMhBkQpXVb4
2026-05-14,Gateway Distriparks Ltd,ET NOW,English,Can Gateway Distriparks Finally Deliver A Turnaround After 5 Years Of Zero Returns? | ET Now,https://www.youtube.com/watch?v=wEtth7vLekY
2026-05-14,Reliance Industries Ltd,Business Today,English,"""Avoid Gold Imports"": NITI Aayog VC Dr. Ashok Lahiri’s First Interview On PM Modi’s ‘Bachat’ Push",https://www.youtube.com/watch?v=aw62WLYvoO4
2026-05-14,Bharti Airtel Ltd,Bloomberg Quint,English,Bharti Airtel Spikes 5% As Sunil Bharti Mittal Targets 51% Promoter Holding,https://www.youtube.com/watch?v=ytgV_Ora58s
2026-05-14,Concord Control Systems Ltd,ET NOW,English,Concord Control Systems Targets Massive Railway Tech Expansion After Record FY26 | Business News,https://www.youtube.com/watch?v=lEGwL4dYuqE
2026-05-14,Balaji Amines Ltd-$,ET NOW,English,Balaji Amines Hits 20% Upper Circuit After Massive Earnings Surprise | Business News | ET Now,https://www.youtube.com/watch?v=CFCp0g7ZK-0
2026-05-14,LIC Housing Finance Ltd,ET NOW Swadesh,Hindi,"LIC Housing Finance के Q4 Results, Loan Growth और मुनाफा पर MD & CEO Tribhuvan Adhikari का Outlook",https://www.youtube.com/watch?v=oN-r6gMJEQQ
2026-05-14,LIC Housing Finance Ltd,ET NOW,English,Home Loan Competition Intensifies! LIC Housing Reveals New Strategy | Bank Rate War | Business News,https://www.youtube.com/watch?v=45zmm0U7qaE
2026-05-14,Interarch Building Solutions Ltd,CNBC-TV18,English,Interarch Building Down 10% After A Weak Qtr; Expect Steel Prices To Cool Off During The Monsoon,https://www.youtube.com/watch?v=IIzCsad8zSw
2026-05-14,MTAR Technologies Ltd,CNBC Awaaz,Hindi,MTAR Technologies Q4 Results: MTAR टेक MD P. Srinivas Reddy से जानिए कंपनी के कारोबार पर आउटलुक,https://www.youtube.com/watch?v=bJMYx3yB-SU
2026-05-14,Suven Life Sciences Ltd,ET NOW,English,Suven Life CMD Reveals Major Update On Alzheimer’s Trials | Pharma Stock Rally | Business News,https://www.youtube.com/watch?v=f1ztM7tGPVc
2026-05-14,DCM Shriram Ltd,CNBC-TV18,English,Expect Sugar Volumes To Be Better In Terms Of Production: DCM Shriram | CNBC TV18,https://www.youtube.com/watch?v=yin-mAh5_JM
2026-05-14,Redington Ltd,CNBC-TV18,English,"A Steady Q4 For Redington | $125 M Shortfall Has Impacted Us Due To Iran-US War, Says Company",https://www.youtube.com/watch?v=F_0derOA2wM
2026-05-14,Kotak Mahindra Bank Ltd,NDTV Profit,English,"""Prepare For The Worst"": Uday Kotak Urges India To Brace for 'Big Shock' From US-Iran War",https://www.youtube.com/watch?v=bFHxpQsSacw
2026-05-14,Quality Power Electrical Equipments Ltd,CNBC-TV18,English,Quality Power Electrical Mgmt Expects To Grow At 20%+ In FY27 | CNBC TV18,https://www.youtube.com/watch?v=07cUcLlhi-c
2026-05-14,Metropolis Healthcare Ltd,ET NOW Swadesh,Hindi,"Metropolis Healthcare के Q4 Results, Growth, आय, EBITDA और Margin पर MD C Surendran का Outlook",https://www.youtube.com/watch?v=dInaF_04jJY
2026-05-14,Vinati Organics Ltd-$,CNBC-TV18,English,"A Muted Q4 For Vinati Organics | Revenue From Subsidiary Should Start From October, Says Company",https://www.youtube.com/watch?v=IMKJgLt1Sl0
2026-05-14,MTAR Technologies Ltd,Bloomberg Quint,English,MTAR Technologies Stock Up 377% In 1 Year: Higher Margins Ahead?,https://www.youtube.com/watch?v=t2kRmxEN23c
2026-05-14,Borosil Renewables Ltd,CNBC-TV18,English,"A Good Q4 For Borosil Renewables | Will See A Shift Away From Gas To Induction Cookers, Says Company",https://www.youtube.com/watch?v=EOg-OKmytAQ
2026-05-13,Fractal Industries Ltd,Bloomberg Quint,English,"Nasscom Chairperson On PM's Work From Home Appeal, AI & India’s Energy Conservation Push",https://www.youtube.com/watch?v=ThsVQ5F8t7k
2026-05-13,Deccan Gold Mines Ltd,CNBC-TV18,English,The 2 Gold Mines In India Produce 2 Tonnes Vs The 700 Tonnes That Is Imported: Deccan Gold Mine,https://www.youtube.com/watch?v=YMBHi_P-Iuo
2026-05-13,Gopal Snacks Ltd,CNBC-TV18,English,Gopal Snacks Falls 3% Despite Strong Q4 Results; Targets Double-Digit Margins By Q4FY27 | CNBC TV18,https://www.youtube.com/watch?v=6VwDSdG1FV8
2026-05-13,Stove Kraft Ltd,ET NOW Swadesh,Hindi,"Stove Kraft के Q4 Results, आय, मुनाफा, EBITDA और Margin पर MD Rajendra Gandhi का Outlook  | ETNS",https://www.youtube.com/watch?v=TZhPA_23yyw
2026-05-13,Corona Remedies Ltd,CNBC-TV18,English,"Corona Remedies Steady Q4 Earnings; FY27 Revenue Seen Growing 15%, Profit Up 20% | CNBC TV18",https://www.youtube.com/watch?v=bpyTcrYfP0E
2026-05-13,Park Medi World Ltd,CNBC-TV18,English,Expect Growth Of Around 7% In ARPOBs In FY27: Park Medi World | CNBC TV18,https://www.youtube.com/watch?v=laGZ_iXatBk
2026-05-13,Sagility Ltd,ET NOW Swadesh,Hindi,"Sagility के Q4 Results, Growth Planning, आय और मुनाफा पर Group CEO & MD Ramesh Gopalan का Outlook",https://www.youtube.com/watch?v=_oSup32eJI4
2026-05-13,Physicswallah Ltd,NDTV Profit,English,"NEET Exam Cancelled | “School Exams Are Better Than This,” Physics Wallah CEO Alakh Pandey Slams NTA",https://www.youtube.com/watch?v=Pmu2yneAjB8
2026-05-13,Sagility Ltd,ET NOW,English,"Sagility India Explains Margin Dip, AI Push & FY27 Growth Outlook | Ramesh Gopalan | ET Now",https://www.youtube.com/watch?v=EPUYbRHU5gI
2026-05-13,Hindustan Zinc Ltd,ET NOW,English,AI Boom Driving Massive Copper Shortage? Metal Expert Sounds Big Warning | Business News | ET Now,https://www.youtube.com/watch?v=tgJ-Iz6L024
2026-05-13,Choice International Ltd,ET NOW,English,Petrol & Diesel Prices Set To Rise? Experts Say Govt Has “No Choice” | India’s Oil Crisis Explained,https://www.youtube.com/watch?v=bDby0kEGPi0
2026-05-13,Dr. Reddy's Laboratories Limited,CNBC-TV18,English,A Subdued Q4 For Dr Reddy's; Co Eyes Margin In The Range Of 20-25% For FY27 | CNBC TV18,https://www.youtube.com/watch?v=l4n4n2Enwiw
2026-05-13,Deccan Gold Mines Ltd,ET NOW,English,“Gold Duty Hike Will Help Us” Deccan Gold Mines Sees Massive Opportunity! How? | Business News,https://www.youtube.com/watch?v=h-hmBtGDdLQ
2026-05-13,Sagility Ltd,CNBC-TV18,English,"A Steady Q4 For Sagility |  Guiding For Low Double-Digit Revenue Growth In FY27, Says Company",https://www.youtube.com/watch?v=JcFxS102VYQ
2026-05-13,Stovec Industries Ltd,ET NOW,English,"Stovecraft Bets Big On Induction Boom! 10% Price Hike, 500 Stores Target | Business News | ET Now",https://www.youtube.com/watch?v=ZmkYm4G6IIY
2026-05-13,Kotak Mahindra Bank Ltd,CNBC-TV18,English,India Yet to Feel Full Impact of West Asia Crisis: Uday Kotak | CII Annual Business Summit 2026|N18V,https://www.youtube.com/watch?v=L9ClfCYsLLA
2026-05-13,Syrma SGS Technology Ltd,Business Today,English,"Syrma SGS Technology Q4 Results | Profit jumps 55%, Dividend declared | Management On Q4 Performance",https://www.youtube.com/watch?v=J95SdMjdibQ
2026-05-13,Kotak Mahindra Bank Ltd,ET NOW,English,India Inc Backs PM Modi’s Economic Push | Kotak & Bharat Forge On Manufacturing Shift | ET Now,https://www.youtube.com/watch?v=2_4lQaetLBw
2026-05-13,Sagility Ltd,Business Today,English,Sagility CFO Srinivas Mattapalli On 41% Profit Jump & AI-Led Growth Story,https://www.youtube.com/watch?v=lW23d5rktEs
2026-05-13,Vidya Wires Ltd,Zee Business,Hindi,Results Boardroom | Vidya Wires Q4 Profit Jumps Big! What’s Driving Growth? | MD Shailesh Rathi,https://www.youtube.com/watch?v=Tp7lHefQcyg
2026-05-13,Senco Gold Ltd,ET NOW,English,"Why Gold Retail Stocks Are Crashing While Gold Financiers Rally? Titan, Senco Gold Under Pressure",https://www.youtube.com/watch?v=Zg2REkwO2p0
2026-05-13,IIFL Finance Ltd,Bloomberg Quint,English,IIFL Finance Nirmal Jain’s First Response To IT Order: To Contest ₹476 Crore Income Tax Demand,https://www.youtube.com/watch?v=hsf_Pfrb0DE
2026-05-13,Senco Gold Ltd,CNBC-TV18,English,"Gold, Silver Import Duty Hiked | Will See 10-15% Reduction In Gold Imports: Senco Gold | CNBC TV18",https://www.youtube.com/watch?v=b59IftxUpo4
2026-05-13,Physicswallah Ltd,Bloomberg Quint,English,‘Very Unfortunate’: Physics Wallah CEO Alakh Pandey On NEET Issue,https://www.youtube.com/watch?v=_qYhDZ1XVsI
2026-05-12,Dr. Reddy's Laboratories Limited,ET NOW,English,Dr. Reddy’s Q4 Miss: CEO Erez Israeli Reveals Pipeline Replacement & Recovery Strategy | ET Now,https://www.youtube.com/watch?v=J1ZHRItBV9c
2026-05-12,Indian Hotels Company Ltd,CNBC-TV18,English,CNBC-TV18 Titans 2026 |  Why Indian Hotels Has Built A Brand For Every Indian | N18S,https://www.youtube.com/watch?v=QzM_G7k1WKU
2026-05-12,Kotak Mahindra Bank Ltd,Bloomberg Quint,English,Uday Kotak's Pointed Message To Indian Businesses Over Iran-US Conflict,https://www.youtube.com/watch?v=jYThtNd3rwQ
2026-05-12,Motilal Oswal Financial Services Ltd,Bloomberg Quint,English,India's Forex Reserves Aren't Enough: Raamdeo Agrawal Advises Caution After PM Modi's Appeal,https://www.youtube.com/watch?v=rS0XF7M2I78
2026-05-12,Physicswallah Ltd,Zee Business,Hindi,PhysicsWallah CEO  Alakh Pandey Slams System Over NEET Paper Leak,https://www.youtube.com/watch?v=oMZWhxxCt0E
2026-05-12,Bharat Forge Ltd,ET NOW,English,Bharat Forge: Vice Chairman Amit Kalyani Backs PM Modi’s Energy Conservation Call | Business News,https://www.youtube.com/watch?v=0g_c5qgpbs0
2026-05-12,PB Fintech Ltd,ET NOW,English,HDFC Life presents Life Sessions | Term Insurance Matters & Technology Makes It Simpler,https://www.youtube.com/watch?v=86qm7hKjqoI
2026-05-12,Satin Creditcare Network Ltd,ET NOW,English,Satin Creditcare Sees Strong Growth Ahead After Massive Q4 Earnings Beat | Business News | ET Now,https://www.youtube.com/watch?v=Y9FHNosF9NA
2026-05-12,Dollar Industries Ltd,CNBC-TV18,English,"The Global Reset | Energy Security, The AI Gold Rush & The Case For Gold | Lighthouse Canton | N18V",https://www.youtube.com/watch?v=hphcF1dPUvM
2026-05-12,Kotak Mahindra Bank Ltd,Business Today,English,"Uday Kotak Reveals Who Will Control the World’s Wealth, AI, Tribes & New Power Play!",https://www.youtube.com/watch?v=I1c90Xq1d30
2026-05-12,Atlanta Electricals Ltd,ET NOW,English,"Atlanta Electric Q4 Surprise: Margins Jump, Order Book Near ₹2,500 Crore | Business News | ET Now",https://www.youtube.com/watch?v=b9rLtU7bIVY
2026-05-12,NIIT Learning Systems Ltd,CNBC-TV18,English,NIIT Learning Systems Slips 3% As Q4FY26 Margin Contracts | CNBC TV18,https://www.youtube.com/watch?v=rPf090oL2yY
2026-05-12,Fractal Industries Ltd,Business Today,English,"Fractal Q4 Earnings Shock Street | PAT Jumps 109%, AI Growth Momentum Strong",https://www.youtube.com/watch?v=8YUvFI9gq1I
2026-05-12,Ramkrishna Forgings Ltd,CNBC Awaaz,Hindi,Know Your Company: Q4 नतीजों पर Ramkrishna Forgings Limited के CFO Lalit Khetan से खास चर्चा!,https://www.youtube.com/watch?v=pnSwqs_q_e8
2026-05-12,JSW Energy Ltd,ET NOW Swadesh,Hindi,"JSW Energy के Q4 Results, Growth, Revenue और EBITDA पर Joint MD & CEO Sharad Mahendra का Outlook",https://www.youtube.com/watch?v=hIKAVJ40pUc
2026-05-12,JSW Energy Ltd,Bloomberg Quint,English,JSW Energy Shares Drop After Q4 Profit Decline: Key Highlights For Investors,https://www.youtube.com/watch?v=RTKzG6f1txs
2026-05-12,JBM Auto Ltd,ET NOW,English,JBM Auto Q4 Shock: Margins Rise Despite Commodity Crisis & Global Tensions | Business News,https://www.youtube.com/watch?v=NJIukf8658c
2026-05-12,Syrma SGS Technology Ltd,ET NOW Swadesh,Hindi,"Syrma SGS Technology के Q4 Results, आय, मुनाफा, EBITDA और Margin पर CFO Bijay Agrawal का Outlook",https://www.youtube.com/watch?v=4fpJxtYpgpA
2026-05-12,Canara Bank,Business Today,English,"Canara Bank Q4 Results LIVE | Hardeep Singh Ahluwalia On Profit, NPAs & Growth",https://www.youtube.com/watch?v=ga_phcDbZQk
2026-05-12,Canara Bank,ET NOW,English,Canara Bank Q4 Explained: Why Treasury Income Hurt Profits This Quarter | Business News | ET Now,https://www.youtube.com/watch?v=PwQpRauyKCo
2026-05-12,Eternal Ltd,CNBC-TV18,English,Swiggy Is Focusing On Margins Leading To 200 Bps Market Share Erosion In QC: Experts | CNBC TV18,https://www.youtube.com/watch?v=X98ksfu_45s
2026-05-12,Privi Speciality Chemicals Ltd,CNBC-TV18,English,"Privi Speciality Reports Strong Q4; New Capacities May Generate ₹5,000 Cr Revenue | CNBC TV18",https://www.youtube.com/watch?v=jz29BsY_ECw
2026-05-12,Sambhv Steel Tubes Ltd,CNBC-TV18,English,A Good Q4 For Sambhv Steel Tubes | Shift From Propane To PNG Completed: MD & CEO | CNBC TV18,https://www.youtube.com/watch?v=edSMk87hrlM
2026-05-12,Indian Hotels Company Ltd,Bloomberg Quint,English,"'PM Modi's Appeal Will Boost Domestic Tourism, 60 Hotels Slated To Open': Indian Hotels' MD",https://www.youtube.com/watch?v=_nAaAUZ-rzU
2026-05-12,Fractal Analytics Ltd,Bloomberg Quint,English,"Fractal Analytics Management On Q4 Results, Enterprise AI, PM's Work-From-Home Appeal & More",https://www.youtube.com/watch?v=H5sFyMuCSvg
2026-05-12,ABB India Ltd,ET NOW,English,"West Asia Crisis Hits ABB Margins: Management Explains Impact | Margin Pressure, Data Centers",https://www.youtube.com/watch?v=aEUxU_espVA
2026-05-12,Canara Bank,CNBC-TV18,English,"A Mixed Q4 For Canara Bank | Slippage Ratio Stood At 0.69%, Amongst The Best In Industry, Says Co",https://www.youtube.com/watch?v=t6FOgeT-VEE
2026-05-12,JSW Energy Ltd,ET NOW,English,"JSW Energy Growth Story: EBITDA Surge, 50% Margins & Green Energy Push Explained! | Business News",https://www.youtube.com/watch?v=FoomxHCSPXs
2026-05-12,Canara Bank,Bloomberg Quint,English,"Why Canara Bank Isn't Worried About Gold Loans, NIM Contraction | Q4 Result, PM's Gold Appeal Impact",https://www.youtube.com/watch?v=v1T1FbmAyYQ
2026-05-12,Indian Hotels Company Ltd,Zee Business,Hindi,Indian Hotels Q4 Results: What Powered the Strong Growth? | Puneet Chhatwal Exclusive,https://www.youtube.com/watch?v=UIqaCH_B6s4
2026-05-12,Premier Energies Ltd,Zee Business,Hindi,Syrma SGS Q4 Results: What Powered the Strong Growth? | MD JS Gujral Exclusive,https://www.youtube.com/watch?v=HzKGxInJOjE
2026-05-12,Sonata Software Ltd,CNBC-TV18,English,"AI Now 16–18% of Revenue | Sonata Software on Macro Headwinds, Microsoft Drag & FY27 Margin",https://www.youtube.com/watch?v=rDpmS37UNF4
2026-05-12,Mastek Ltd,Bloomberg Quint,English,Why PM Modi’s Work From Home Push Can’t Be 100% | Ashank Desai Explains,https://www.youtube.com/watch?v=7pXaZ8ClL3M
2026-05-11,Blue Star Ltd,ET NOW,English,PM Modi’s Appeal May Reshape Consumption: Blue Star MD Decodes Impact on Demand #pmmodi #nationfirst,https://www.youtube.com/watch?v=NOHOaZGsiIM
2026-05-11,Oil India Ltd,ET NOW,English,Oil India CMD Ranjit Rath on India’s Energy Self-Reliance Roadmap #oilindia  #atmanirbharbharat,https://www.youtube.com/watch?v=5CQP4Vol7Sg
2026-05-11,Anand Rathi Wealth Ltd,Zee Business,Hindi,Should Indians Stop Buying Gold? PM Modi’s Big Appeal Explained | Cover Story,https://www.youtube.com/watch?v=-3eCTVaz5Xg
2026-05-11,Infosys Ltd,ET NOW,English,India Must Work Together to Tackle Energy Supply Challenges: Kris Gopalakrishnan | Business News,https://www.youtube.com/watch?v=WqZn5fwO9MQ
2026-05-11,Bharti Airtel Ltd,Mint,English,"Sunil Bharti Mittal Appeals For India-Focused Growth, Echoes PM Modi's 'Economic Patriotism' Message",https://www.youtube.com/watch?v=BEpyikjCveA
2026-05-11,TVS Motor Company Ltd,ET NOW,English,Tata Trust Shake-Up! Noel Tata Blocks Reappointment Of Key Trustees | Big Governance Move | ET Now,https://www.youtube.com/watch?v=sgESJc6fpIA
2026-05-11,Intellect Design Arena Ltd,ET NOW,English,Intellect Design’s AI Bet Paying Off? CMD Reveals ₹500 Crore Purple Fabric Pipeline | Business News,https://www.youtube.com/watch?v=bUSb1ppURFs
2026-05-11,Niva Bupa Health Insurance Company Ltd,ET NOW,English,Health Insurance Boom? Niva Bupa Says “We’ve Just Scratched The Surface” | Business News | ET Now,https://www.youtube.com/watch?v=IsVrg2IUl4o
2026-05-11,Bank of India,ET NOW Swadesh,Hindi,Bank of India के Q4 Results और मुनाफे पर MD & CEO Rajneesh Karnatak का Outlook | ETNS,https://www.youtube.com/watch?v=uQdICVLndz8
2026-05-11,Bank of India,ET NOW,English,"Bank Of India Q4 Shock: ₹10,000 Crore Profit But NIM Pressure Still Hurts! | Business News",https://www.youtube.com/watch?v=ETUDD9TVTQk
2026-05-11,Pace Digitek Ltd,ET NOW,English,Pace Digitek Bags ₹700 Crore Mega Order! Battery Storage Business Powers Growth | Business News,https://www.youtube.com/watch?v=GVu-IPpy-CQ
2026-05-11,Kalyani Steels Ltd,CNBC-TV18,English,Optimistic That All Cost Increase Will Be Taken Care Of By The Price Hikes: Kalyani Steels,https://www.youtube.com/watch?v=fd99l9r7n4A
2026-05-11,Tata Consumer Products Ltd,ET NOW,English,"Tata Consumer: Tata Sampann, Starbucks & Quick Commerce Fuel Strong Q4 | Stock Surges 4%! | ET Now",https://www.youtube.com/watch?v=pFov6GLfEbo
2026-05-11,Bank of India,CNBC Awaaz,Hindi,Bank of India के Q4 नतीजों पर MD & CEO Rajneesh Karnatak से जानिए ग्रोथ आउटलुक,https://www.youtube.com/watch?v=PwjIYl5Om_g
2026-05-11,Bank of India,CNBC-TV18,English,"Robust Q4 For Bank Of India | Expect Global Advances To Grow At 15-16%, Says Bank | CNBC TV18",https://www.youtube.com/watch?v=rwHK-3fParU
2026-05-11,Gateway Distriparks Ltd,CNBC-TV18,English,Gateway Distriparks Slides 2% US-Iran War Impacts Q4FY26 Earning | CNBC TV18,https://www.youtube.com/watch?v=lG2Sfd-RZ-s
2026-05-11,JSW Infrastructure Ltd,ET NOW,English,JSW Infra Bets Big Despite Middle East Crisis | Massive Expansion Plans Revealed | Business News,https://www.youtube.com/watch?v=Z8X1fBMkvP8
2026-05-11,Bank of Baroda,Zee Business,Hindi,Bank of Baroda’s Big Growth Plan Revealed | MD Debadatta Chand Speaks,https://www.youtube.com/watch?v=piC0G-guE5A
2026-05-11,Bank of Baroda,CNBC-TV18,English,"A Healthy Q4 For Bank Of Baroda | Deposit Growth Has Been Very Encouraging, Says Company",https://www.youtube.com/watch?v=eWTCUrRs6mo
2026-05-11,Pacific Industries Ltd,CNBC-TV18,English,Precision At Scale: How Blum Is Building For India | Mechanics of Marvel | N18M,https://www.youtube.com/watch?v=4k72_MUXE30
2026-05-10,Ather Energy Ltd,Zee Business,Hindi,EV Leader Ather Energy: Strong Q4 Results | CEO Tarun Mehta Talks Strategy,https://www.youtube.com/watch?v=JBBTOqmMdCQ
2026-05-09,Forbes & Company Ltd-$,CNBC-TV18,English,Forbes India Presents: GCC Leadership Exchange in association with Smartworks,https://www.youtube.com/watch?v=dLcgk0YZADk
2026-05-08,State Bank of India,ET NOW,English,"SBI Posts Record ₹80,000 Cr Profit | NIM at 3% Guide Intact | Chairman CS Setty On Growth, Deposits!",https://www.youtube.com/watch?v=KbcHh_M7LDA
2026-05-08,Biocon Ltd,CNBC-TV18,English,Newsmaker | Biocon's Succession Plans | Claire Mazumdar Is A Worthy Successor: Kiran Mazumdar Shaw,https://www.youtube.com/watch?v=HQFfCgKrPnE
2026-05-08,State Bank of India,CNBC-TV18,English,SBI Q4 Earnings | Chairman Challa Sreenivasulu Setty On Margin Pressure & FY27 Growth | N18V,https://www.youtube.com/watch?v=9obJzvy11-I
2026-05-08,Biocon Ltd,Business Today,English,Kiran Mazumdar-Shaw Reveals Biocon Succession Plan In First Interview After Announcement,https://www.youtube.com/watch?v=KbZhP-tu1Ck
2026-05-08,Dynamic Industries Ltd-$,Business Today,English,Kiran Mazumdar-Shaw On Claire Mazumdar & Biocon’s Future,https://www.youtube.com/watch?v=gqo6A3gXzZE
2026-05-08,Vikram Solar Ltd,ET NOW,English,Vikram Solar Mixed Q4 Earnings Bets Big On Backward Integration Amid Solar Market Expansion | ET Now,https://www.youtube.com/watch?v=d_m3vH6-dMY
2026-05-08,State Bank of India,Bloomberg Quint,English,SBI Q4: Chairman CS Setty Says 13-15% Credit Growth Target Maintained Despite Geopolitical Risks,https://www.youtube.com/watch?v=-Q75SMBNQCw
2026-05-08,Pan India Corporation Ltd,CNBC-TV18,English,"The Big C | Bitcoin’s New Playbook: ETFs, Stablecoins & Tokenisation | CNBC TV18 Prime",https://www.youtube.com/watch?v=MnObz1y_5ms
2026-05-08,Biocon Ltd,ET NOW,English,"Biocon Q4 FY26 Earnings: Kiran Mazumdar Shaw On U.S. Launches, Debt Cut & Growth Roadmap | ET Now",https://www.youtube.com/watch?v=asnQzeEsFJ8
2026-05-08,State Bank of India,Zee Business,Hindi,State Bank of India Chairman Highlights Strong Q4 Growth & YONO Milestone,https://www.youtube.com/watch?v=q7rJcCl2nqU
2026-05-08,Pidilite Industries Ltd,ET NOW Swadesh,Hindi,"Pidilite के Q4 Results, आय, मुनाफा, EBITDA और Margin पर MD Sudhanshu Vats का Outlook | ETNS",https://www.youtube.com/watch?v=kHLu0IVRl6E
2026-05-08,Vikram Solar Ltd,CNBC-TV18,English,Vikram Solar Down 4% Post Reporting A Mixed Set Of Q4FY26 Numbers | CNBC TV18,https://www.youtube.com/watch?v=FGyN_Kt4AXY
2026-05-08,Pidilite Industries Ltd,Business Today,English,"Pidilite Q4 Results | Profit Jumps, Margins Improve, Top Management Shares Outlook",https://www.youtube.com/watch?v=nORkyZOoxUQ
2026-05-08,Westlife Foodworld Ltd,CNBC-TV18,English,Healthy Q4 For Westlife FoodWorld | LPG Disruption Limited With Less Than 10% Of Stores Impacted: Co,https://www.youtube.com/watch?v=bNKsfCe2kN4
2026-05-08,Pidilite Industries Ltd,CNBC Awaaz,Hindi,Pidilite Q4 Results 2026: Q4 नतीजों पर पिडिलाइट के MD Mr. Sudhanshu Vats से खास चर्चा!,https://www.youtube.com/watch?v=NFSH0gR09Fc
2026-05-08,Coromandel International Ltd,ET NOW,English,"Coromandel International Q4: Profit Hit By Raw Material Spike, CEO Explains FY27 Outlook | ET Now",https://www.youtube.com/watch?v=1luGd7Jcypw
2026-05-08,Greaves Cotton Ltd,CNBC-TV18,English,"A Mixed Q4 For Greaves Cotton | EV Biz IPO Proceeds To Be Re-Invested, Says Co | CNBC TV18",https://www.youtube.com/watch?v=BYyKkQzAEQM
2026-05-08,Pidilite Industries Ltd,CNBC-TV18,English,Pidilite Shares Rise 2% After Strong Q4 Results; Raw Material Costs See 40-50% Inflation | CNBC TV18,https://www.youtube.com/watch?v=L0pYp3ze_VI
2026-05-08,Karur Vysya Bank Ltd,CNBC-TV18,English,Karur Vysya Bank Slips 2% Despite Strong Q4 Results; Targets 80% Retail & MSME Mix By FY27,https://www.youtube.com/watch?v=KpPWjs_zgzU
2026-05-08,Escorts Kubota Ltd,CNBC-TV18,English,Healthy Q4 For Escorts Kubota | Starting The Year With Lot Of Headwinds For Tractor Industry: Co,https://www.youtube.com/watch?v=MDmIsl08lEQ
2026-05-08,Westlife Foodworld Ltd,CNBC Awaaz,Hindi,Commodity Roundup: Q4 नतीजों पर Westlife Foodworld के MD Saurabh Kalra से खास चर्चा! | Manisha Gupta,https://www.youtube.com/watch?v=oFOYHB6PkG0
2026-05-08,Dabur India Ltd,CNBC-TV18,English,Dabur India Mgmt: Will Maintain Margin At Current Levels In FY27 | CNBC TV18,https://www.youtube.com/watch?v=JHvVgZebwOA
2026-05-08,Escorts Kubota Ltd,Zee Business,Hindi,Weak Monsoon Fear | Will It Hurt Escorts Kubota Growth? CFO Bharat Madan Explains,https://www.youtube.com/watch?v=2EAEbMjgwiw
2026-05-08,Pace Digitek Ltd,Bloomberg Quint,English,"₹4,000 Cr Battery Storage Pipeline, FY27 Growth & India's Clean Energy Push | Venugopal Rao Explains",https://www.youtube.com/watch?v=vFvbiJNxrCs
2026-05-08,Texmaco Rail & Engineering Ltd,ET NOW,English,Texmaco Rail Vision 2030: Can Revenue Double in 3 Years? | MD Sudipta Mukherjee | ET Now,https://www.youtube.com/watch?v=vdExfjvUkbY
2026-05-08,V-Mart Retail Ltd,ET NOW,English,V-Mart Q4 Results: Blowout Performance! Footfalls Surge 25% | CFO Anand Agarwal To ET Now,https://www.youtube.com/watch?v=ZZ9PcRHyOPo
2026-05-08,Arvind Ltd,CNBC-TV18,English,"Arvind To Acquire Dalco GFT | Will Be A ₹3,000 Cr Co After Dalco Acquisition, Says Arvind",https://www.youtube.com/watch?v=saxsSkwTEP0
2026-05-08,Bharti Airtel Ltd,ET NOW,English,Bharti Airtel To Angel One: Why Promoters Are Reducing Stakes In These Stocks? | Business News,https://www.youtube.com/watch?v=mJ8km-8MOZw
2026-05-08,HT Media Ltd,Mint,English,'Indians Are Highly Dependable': Burj Khalifa Builder Mohamed Alabbar Says He Prefers Hiring Indians,https://www.youtube.com/watch?v=-yBHzElgz00
2026-05-07,Prakash Industries Ltd,Zee Business,Hindi,Is Dual Pricing for Sugar the Right Move? NFSFC MD Explains,https://www.youtube.com/watch?v=uODDAz5y2Go
2026-05-07,Coforge Ltd,Business Today,English,"Coforge Q4 Decoded: CEO Sudhir Singh On AI, Deals & FY27 Growth",https://www.youtube.com/watch?v=vpjy9NbWWrk
2026-05-07,JM Financial Ltd-$,Business Today,English,Are Smallcaps Ready For Another Big Run? JM Financial AMC Shares View,https://www.youtube.com/watch?v=lGJqiEDvTks
2026-05-07,Bharat Forge Ltd,Bloomberg Quint,English,"Bharat Forge Eyes Big Growth With Defence, Aerospace & Data Centre Push | Amit Kalyani On Q4 Results",https://www.youtube.com/watch?v=hzgr9t1sJDI
2026-05-07,Bharat Forge Ltd,CNBC-TV18,English,"Defence Seen Growing Over 50% In FY27: Baba Kalyani, CMD, Bharat Forge",https://www.youtube.com/watch?v=22joqUmRCE4
2026-05-07,Dollar Industries Ltd,CNBC-TV18,English,"The Big C | Mega Reflation Rally: US Equities, Silver & Rupee: Amit Goel’s Big Calls|CNBC TV18 Prime",https://www.youtube.com/watch?v=gfmrZX36l6w
2026-05-07,Ramkrishna Forgings Ltd,CNBC-TV18,English,Ramkrishna Forgings Reports A Good Q4 | Revenue Mix This Year Seen At 60% Domestic & 40% Exports: Co,https://www.youtube.com/watch?v=TfYx9qGplz0
2026-05-07,eMudhra Ltd,ET NOW,English,eMudhra Stock Jumps 7.5%! | Q4 Revenue Up 31% | Chairman V. Srinivasan on Cybersecurity Boom,https://www.youtube.com/watch?v=UO5xEE54dIg
2026-05-07,Brigade Enterprises Ltd,CNBC Awaaz,Hindi,"Brigade Enterprises के Q4 नतीजों पर CFO, Yogesh Patel से खास चर्चा | Know Your Company",https://www.youtube.com/watch?v=YX92ptBUCBE
2026-05-07,Mphasis Ltd,Mint,English,Women & Entrepreneurship in India: Beyond Just Access,https://www.youtube.com/watch?v=ggNZHKUK9BI
2026-05-07,Raymond Lifestyle Ltd,CNBC-TV18,English,Raymond Lifestyle Reports Strong Q4FY26; Targets Double-Digit EBITDA Growth In FY27 | CNBC TV18,https://www.youtube.com/watch?v=kZrA65S0Ops
2026-05-07,Hexaware Technologies Ltd,Zee Business,Hindi,Hexaware’s Growth Visibility & Deal Pipeline Outlook | Corporate Radar,https://www.youtube.com/watch?v=FeKrx_Lz0Z8
2026-05-07,Godrej Consumer Products Ltd,ET NOW,English,Why GCPL Stock is Falling Post-Q4 | CFO Aasif Malbari on Crude Inflation & Price Hikes | ET Now,https://www.youtube.com/watch?v=mMTB18-RzTo
2026-05-07,Blue Star Ltd,Zee Business,Hindi,Blue Star Q4 Results | CMD Vir Advani Reveals Big Growth Triggers,https://www.youtube.com/watch?v=wNdcLcMfxmQ
2026-05-07,Godrej Industries Ltd,ET NOW Swadesh,Hindi,"GCPL के Q4 Results, Margin, Demand, आय, मुनाफा और Growth Strategy पर CFO Aasif Malbari का Outlook",https://www.youtube.com/watch?v=G7RQY7prshg
2026-05-07,South Indian Bank Ltd,CNBC-TV18,English,Credit Cost Is Currently Low At 3 Bps But Unlikely To Sustain: South Indian Bank | CNBC TV18,https://www.youtube.com/watch?v=kaV7FHbRCpY
2026-05-07,Godrej Consumer Products Ltd,CNBC-TV18,English,"Godrej Consumer Products Drops 4% Despite Strong Quarter; Flags Q1 Demand, Inflation Concerns",https://www.youtube.com/watch?v=xlrDRM0v1XA
2026-05-07,Muthoot Microfin Ltd,ET NOW,English,"Muthoot Microfin Stock In Focus | CEO Reveals FY27 Growth, ROA & Credit Cost Targets | Business News",https://www.youtube.com/watch?v=vpIjsPb3wkI
2026-05-07,Meesho Ltd,CNBC-TV18,English,We Have Approval To Invest ₹100 Crore In Meesho Payment Services: Meesho | CNBC TV18,https://www.youtube.com/watch?v=WGn2WgFxfok
2026-05-07,Blue Star Ltd,ET NOW,English,Will AC Prices Cross Double-Digit Hikes? Blue Star CMD Warns of Post-War Inflation | Business News,https://www.youtube.com/watch?v=OC5W07Pb_Io
2026-05-07,Radico Khaitan Ltd,CNBC-TV18,English,"Radico Khaitan: Q4FY26 Revenue Up 15.3%, Margin Expands To 18.9% From 13.6% YoY | CNBC TV18",https://www.youtube.com/watch?v=Ar0TULNlE_A
2026-05-07,United Breweries Ltd-$,Bloomberg Quint,English,How Middle East Tensions Are Driving Up Beer Costs | United Breweries CEO Explains Cost Shock,https://www.youtube.com/watch?v=p1t0wnAOJqc
2026-05-07,Meesho Ltd,Bloomberg Quint,English,"Meesho CFO: “Most Disruptions Behind Us"" , Flags Sharp Sequential Margin Improvement | Q4 Results",https://www.youtube.com/watch?v=hJMYw_llq6A
2026-05-07,Blue Star Ltd,CNBC-TV18,English,"A Mixed Q4 For Blue Star | Flat Growth Due To Delayed Onset Of Summer, Says Company | CNBC TV18",https://www.youtube.com/watch?v=Guz5S4T-6_8
2026-05-07,Brigade Enterprises Ltd,ET NOW,English,"Brigade Enterprises Plans ₹11,500 Cr Launch Pipeline! | MD Pavitra Shankar On FY27 Outlook | ET Now",https://www.youtube.com/watch?v=MFm34CDTGIE
2026-05-07,Meesho Ltd,Zee Business,Hindi,Meesho CFO Reveals Big Plans | Acquisition Buzz and Q4 Growth Story,https://www.youtube.com/watch?v=ruIGcs4yARI
2026-05-07,Coforge Ltd,CNBC-TV18,English,Strong Q4 For Coforge | Most Of The Margin Guidance Upgrade Due To Internal AI Intervention: Co,https://www.youtube.com/watch?v=t7Z4UXrUjP0
2026-05-07,Gallantt Ispat Ltd,Bloomberg Quint,English,Gallantt Ispat CEO Bets Big On India’s Infra Boom | Margin Expansion & Growth Explained,https://www.youtube.com/watch?v=LvoqMTgqIVU
2026-05-07,Brigade Enterprises Ltd,Bloomberg Quint,English,"Brigade Ent Q4: MD Pavitra Shankar On Bengaluru Approval Challenges, Pivot To Office Space & More",https://www.youtube.com/watch?v=9q1TUbqH6aM
2026-05-07,Bajaj Auto Ltd,CNBC-TV18,English,"Strong Q4 For Bajaj Auto | There Has Been Strong Growth Post GST Relief, Says Company | CNBC TV18",https://www.youtube.com/watch?v=IIjXTPSVI1s
2026-05-07,KPIT Technologies Ltd,ET NOW,English,KPIT Technologies: From 15% to 65% Products & Solutions by FY29 | Management Speaks | Business News,https://www.youtube.com/watch?v=NwXJPqc8dyk
2026-05-07,Bajaj Auto Ltd,Business Today,English,"What’s Hot: Coforge Leads Q4 Rally, Top Earnings In Focus",https://www.youtube.com/watch?v=a0ObwbXdVPw
2026-05-07,Shree Cement Ltd,ET NOW,English,"Shree Cement Q4 Results: Chairperson Explains Volume Growth, Pricing Pressure & Margin Outlook",https://www.youtube.com/watch?v=D6CXZvH-UVE
2026-05-07,KPIT Technologies Ltd,Bloomberg Quint,English,KPIT Tech Q4: Expect Higher Medium-Term Profitability Despite EBITDA Hit | CEO Kishor Patil,https://www.youtube.com/watch?v=cQ5FRa5NKho
2026-05-07,Coforge Ltd,CNBC Awaaz,Hindi,Coforge Q4 Results: Q4 नतीजों पर कोफोर्ज के CEO और ED Sudhir Singh से Anuj Singhal की खास चर्चा!,https://www.youtube.com/watch?v=8ZFs7mJr86Q
2026-05-06,L&T Finance Ltd,ET NOW Swadesh,Hindi,"L&T Finance के Q4 Results, Growth, आय और मुनाफे पर Sachinn R Joshi का Outlook | ET Now Swadesh",https://www.youtube.com/watch?v=nKh6jsPho0k
2026-05-06,Coal India Ltd,CNBC-TV18,English,"No Coal Shortage in India, Says Coal India Chairman Shri Sairam | N18S",https://www.youtube.com/watch?v=z3kv9pYfRJA
2026-05-06,Aurobindo Pharma Ltd,CNBC-TV18,English,Aurobindo Gains On US FDA's VAI Classification; Wockhardt Swings To Profit In Q4 | CNBC TV18,https://www.youtube.com/watch?v=agb4r0VPI68
2026-05-06,Aeroflex Enterprises Ltd-$,CNBC-TV18,English,"Strong Q4 For Aeroflex Industries | Expect West Asia Biz To Pick Up From Q2, Says Company",https://www.youtube.com/watch?v=_m3K-PwnfAo
2026-05-06,Marico Ltd,CNBC-TV18,English,"An In-Line Q4 For Marico | Expect To Sustain High Single-Digit Vol Growth In FY27, Says Company",https://www.youtube.com/watch?v=IpZYADPfxGo
2026-05-06,Raymond Realty Ltd,CNBC-TV18,English,"Strong Q4 For Raymond Realty | Rupee Depreciation Could Support Demand From NRIs, Says Company",https://www.youtube.com/watch?v=uXuHxBS2jew
2026-05-06,Mahindra & Mahindra Ltd,ET NOW Swadesh,Hindi,"Mahindra & Mahindra के Q4 Results, आय और मुनाफा पर MD & CEO Rajesh Jejurikar का Outlook | ETNS",https://www.youtube.com/watch?v=oQKD6iaUrIM
2026-05-06,Aadhar Housing Finance Ltd,CNBC-TV18,English,"Healthy Q4 For Aadhar Housing Finance |  Growth Driven By Tier-2 & Tier-3 Markets, Says Company",https://www.youtube.com/watch?v=hh5IpZdZrdY
2026-05-06,Marico Ltd,ET NOW,English,How Marico Defied A 100% Cost Surge And Still Grew Volumes | Next FMCG Leader? | Business News,https://www.youtube.com/watch?v=hdD2iZWZNow
2026-05-06,Marico Ltd,Bloomberg Quint,English,Marico Results: International Business Hits Multi-year Growth Peak | MD & CEO Saugata Gupta,https://www.youtube.com/watch?v=yC3IfNaHxRw
2026-05-06,Aadhar Housing Finance Ltd,Zee Business,Hindi,Aadhar Housing Finance Q4: Rural Housing Growth & FY27 Expansion Plans,https://www.youtube.com/watch?v=033ckZjnMmY
2026-05-06,Marico Ltd,Zee Business,Hindi,Marico Q4 Buzz! Group CFO & CEO-IB Reveals What’s Driving Company Growth,https://www.youtube.com/watch?v=NQnSlM2UFKM
2026-05-06,United Breweries Ltd-$,ET NOW,English,United Breweries Q4 Weak But Premium Growth Surges 20%+! What’s Next? |  Growth vs Cost Pressure,https://www.youtube.com/watch?v=Zsa-dKTn53c
2026-05-06,Lloyds Enterprises Ltd,CNBC-TV18,English,"Good Q4 For Lloyds Metals | Target 8 Mt Pellet, 19 Mt Iron Ore Sales In FY27, Says Company",https://www.youtube.com/watch?v=2fCW-ivSDIw
2026-05-06,Dynamic Industries Ltd-$,CNBC-TV18,English,Govt Approves Emergency Credit Line Guarantee Scheme 5.0 To Ease Stress From US-Iran War,https://www.youtube.com/watch?v=iJNh1AV66t0
2026-05-06,Agi Greenpac Ltd,ET NOW,English,Packaging Stocks Back In Focus! AGI Greenpac Sees Strong Demand Ahead | Aluminum Cans Boom Coming?,https://www.youtube.com/watch?v=HQgDKVZLknY
2026-05-06,Titagarh Rail Systems Ltd,Bloomberg Quint,English,Titagarh Rail Bets Big On Vande Bharat & High-Speed Rail In West Bengal After Government Change,https://www.youtube.com/watch?v=DZai1b4kK5s
2026-05-06,Punjab National Bank,Bloomberg Quint,English,PNB Q4: Growth Guidance Revised To 12-13% & Why New ECL Norms Won't Hurt Balance Sheet,https://www.youtube.com/watch?v=LZmPx4n624Q
2026-05-06,Vodafone Idea Ltd,Bloomberg Quint,English,Kumar Mangalam Birla Steps Up As Non-Executive Chairman To Lead Vodafone Idea's Turnaround,https://www.youtube.com/watch?v=piRYEQCEuUA
2026-05-05,Dynamic Industries Ltd-$,ET NOW,English,Nestlé India Q4: What’s Driving Double-Digit Growth? CMD Manish Tiwary Explains | Business News,https://www.youtube.com/watch?v=3s-OhC_6mcQ
2026-05-05,Dollar Industries Ltd,Inc42,English,"Ankit Mehta CEO of ideaforge, on how modern warfare is evolving",https://www.youtube.com/watch?v=9WqlrYgV_Qc
2026-05-05,Senco Gold Ltd,Bloomberg Quint,English,Target 25% Value Growth: MD & CEO of Senco Gold On FY27 Expansion | NDTV Profit Exclusive,https://www.youtube.com/watch?v=fi9jbtB2Vd8
2026-05-05,Mphasis Ltd,CNBC-TV18,English,"Biocon's Kiran Mazumdar-Shaw Names Claire Mazumdar as Successor, Signals Gradual Transition | N18V",https://www.youtube.com/watch?v=JCP-V8ckEdU
2026-05-05,Share India Securities Ltd,Zee Business,Hindi,ALGO Trading Ki Pathshala | Co-Powered By Kotak Neo & Share India | Episode 1,https://www.youtube.com/watch?v=WIlPnx99eMs
2026-05-05,Mahindra & Mahindra Ltd,Zee Business,Hindi,"M and M Q4 Earnings Deep Dive: Growth Drivers, EV Focus & IPO Plans Explained",https://www.youtube.com/watch?v=rGsZjHJIXWI
2026-05-05,Mahindra & Mahindra Ltd,ET NOW,English,Mahindra & Mahindra CEO Anish Shah on Q4 Earnings & FY27 Outlook | Business News | ET Now,https://www.youtube.com/watch?v=U1HxeU1qE-Q
2026-05-05,HDFC Bank Ltd,Business Today,English,Insurance Growth Story Just Beginning: BFSI To Drive Real Estate Demand Surge | Deepak Parekh,https://www.youtube.com/watch?v=7769oP7rg0c
2026-05-05,HDFC Bank Ltd,Bloomberg Quint,English,HDFC Bank Board Shake-Up: Keki Mistry Likely To Exit,https://www.youtube.com/watch?v=NBhHol6Im54
2026-05-05,Ather Energy Ltd,Bloomberg Quint,English,"Ather Energy Q4 Results: Revenue Jumps 73.7% At ₹1,175 Crore",https://www.youtube.com/watch?v=dLQ0KkOhiLI
2026-05-05,Interarch Building Solutions Ltd,ET NOW,English,"Interarch Building Solutions Sees Strong Growth Ahead, ₹900 Cr Pipeline! ₹2,100 Cr Revenue in FY27",https://www.youtube.com/watch?v=QnvMRFjGjY0
2026-05-05,Jindal Stainless Ltd,ET NOW Swadesh,Hindi,"Jindal Stainless के Q4 Results, आय, मुनाफा और मार्जिन पर CEO & CFO Arun Kumar Khulbe का Outlook",https://www.youtube.com/watch?v=LobjEIFo2DI
2026-05-05,Coal India Ltd,Zee Business,Hindi,Corporate Radar: Coal India Q4 Results | CMD B. Sairam Exclusive Interview,https://www.youtube.com/watch?v=UvOLeU2Z_UA
2026-05-05,CSB Bank Ltd,CNBC Awaaz,Hindi,CSB Bank Q4 Results: Q4 नतीजों पर CSB Bank के MD & CEO Pralay Mondal से खास चर्चा!,https://www.youtube.com/watch?v=_NSw4alOYCo
2026-05-05,Indegene Ltd,ET NOW,English,"Indegene Hits ₹1,000 Crore Quarter: GenAI Push Fuels 32% Revenue Surge In Pharma Tech | ET Now",https://www.youtube.com/watch?v=bMD5nLVR_1Y
2026-05-05,Hindalco Industries Ltd,ET NOW,English,Hindalco’s $15 Billion U.S Bet: Bay Minette Project Set To Become World’s Largest Aluminium Hub,https://www.youtube.com/watch?v=nubHzMNpr7A
2026-05-05,CSB Bank Ltd,CNBC-TV18,English,Aim To Reduce Gold Loans To Below 30% Of The Portfolio From Over 50% Currently: CSB Bank | CNBC TV18,https://www.youtube.com/watch?v=hK9YjLRNoe0
2026-05-05,Jindal Stainless Ltd,CNBC-TV18,English,Healthy Q4 For Jindal Stainless | Efforts Underway To Replace Propane & LPG With Natural Gas: Co,https://www.youtube.com/watch?v=Jer1rNwl71E
2026-05-05,Tata Chemicals Ltd,CNBC Awaaz,Hindi,Tata Chemicals Q4 Results: Q4 नतीजों पर टाटा केमिकल्स के MD & CEO R. Mukundan से खास चर्चा!,https://www.youtube.com/watch?v=TfoLINgZJ_M
2026-05-05,Reliance Industries Ltd,CNBC-TV18,English,Met Gala 2026 | Isha Ambani Reimagines Her Family Heirlooms Into A ‘Living Canvas’ | N18S,https://www.youtube.com/watch?v=WDUXuAuX-Zw
2026-05-05,Ather Energy Ltd,Zee Business,Hindi,"Ather Energy Exclusive: Tarun Mehta on Results, Investments & Future Plans",https://www.youtube.com/watch?v=hzhrtjYUqho
2026-05-05,Godrej Properties Ltd,Bloomberg Quint,English,"Godrej Properties MD & CEO On ₹8,000 Cr Record Q4 & FY27 Outlook | Real Estate Boom Ahead",https://www.youtube.com/watch?v=-JAcO1dJYxk
2026-05-05,Coal India Ltd,Bloomberg Quint,English,"How Coal India Plans to Maintain 32-33% EBITDA Margins In FY27, 815 MT Target & More | Q4 Analysis",https://www.youtube.com/watch?v=FTWFLTUEY5M
2026-05-05,Godrej Properties Ltd,ET NOW,English,Godrej Properties Q4 Hits RECORD Growth! CEO Gaurav Pandey Decodes FY26 Strategy | Business News,https://www.youtube.com/watch?v=RA6xtfMP2IY
2026-05-05,Tata Chemicals Ltd,Bloomberg Quint,English,Tata Chemicals Q4 Deep Dive: China Overcapacity Hits Pricing & Iran War Lifts Freight Costs,https://www.youtube.com/watch?v=LAEv7--OkMc
2026-05-05,Tata Chemicals Ltd,ET NOW,English,Tata Chemicals Breaks Silence on US Impairment & Global Supply Shock | MD Reveals FY27 Outlook,https://www.youtube.com/watch?v=Wg_WBGAk_Qo
2026-05-05,Hero MotoCorp Ltd,CNBC-TV18,English,How AI & Mobility Are Reshaping India’s Growth | SAP Labs & Hero MotoCorp | The Titans | N18M,https://www.youtube.com/watch?v=JR7rNRf2stk
2026-05-04,Ambuja Cements Ltd,Bloomberg Quint,English,"Adani Ambuja Q4 Results: Delivers Highest Ever Volume Of 73.7 MnT, Clocks ₹1,830.2 crore In Profit",https://www.youtube.com/watch?v=w4cMJFuZ59s
2026-05-04,Saffron Industries Ltd,ET NOW,English,WB Result 2026 Live: Mamata Banerjee Arrives at Sakhawat Hall as Fortress Crumbles|Counting Delayed?,https://www.youtube.com/watch?v=jF8rYTaJh0Y
2026-05-04,Mphasis Ltd,Business Today,English,NSE CEO Ashishkumar Chauhan Says India Shows Strong Resilience Amid Global Uncertainty,https://www.youtube.com/watch?v=LuG-zEIH3B0
2026-05-04,Vaswani Industries Ltd,ET NOW,English,“Zero Signs Of Stress” Kotak Bank CEO On Corporate Strength Amid Global Chaos | Resilient Or Risky?,https://www.youtube.com/watch?v=uBVP_9ObYQU
2026-05-04,Nestle India Ltd,ET NOW Swadesh,Hindi,Nestle India के Growth Plan और नेस्ले के Products पर Chairman & MD Manish Tiwari का Outlook | ETNS,https://www.youtube.com/watch?v=ljNgA4igyoY
2026-05-04,Kotak Mahindra Bank Ltd,Bloomberg Quint,English,Why The Kotak Mahindra Stock Is Under Pressure Despite Good Q4 Results | Aditya Shah Explains,https://www.youtube.com/watch?v=jWPlT_5grHE
2026-05-04,Granules India Ltd-$,CNBC Awaaz,Hindi,Midcap Mantra: Q4 नतीजों पर Granules India के CFO Mukesh Surana से चर्चा! | Management Insights,https://www.youtube.com/watch?v=7dc4_63JvC4
2026-05-04,Netweb Technologies India Ltd,ET NOW,English,NetWeb Q4: Stock Falls 6% Despite 90% Growth! What’s Happening? | Sanjay Lodha | Business News,https://www.youtube.com/watch?v=B5WU4tziQ_g
2026-05-04,Capri Global Capital Ltd,ET NOW,English,Capri Global Delivers Strong Numbers! Is 4% ROA Possible? | Q4 Earnings | Business News | ET Now,https://www.youtube.com/watch?v=MOthmJVA4Gs
2026-05-04,IndiaMART InterMESH Ltd,ET NOW,English,Big Shock in IndiaMART Q4! CEO Dinesh Agarwal Reveals Real Reason | Business News | ET Now,https://www.youtube.com/watch?v=K5ew2dFrmjE
2026-05-04,Tata Consultancy Services Ltd,Bloomberg Quint,English,Is TCS Stock Still A Buy? What Investors Should Know Amid AI Threat,https://www.youtube.com/watch?v=v5JFYX8btC8
2026-05-04,ESAF Small Finance Bank Ltd,ET NOW,English,"ESAF Small Finance Bank Q4 Results: Strong Growth, MFI Recovery Ahead? | Business News | ET Now",https://www.youtube.com/watch?v=iQ4iFcwgAcY
2026-05-04,Greenply Industries Ltd,ET NOW,English,"Greenply Q4 Results: Revenue Up 20%, MDF Growth Outlook Explained | Sanidhya Mittal | Business News",https://www.youtube.com/watch?v=l_7Ed0IxMNs
2026-05-04,Hindustan Petroleum Corporation Ltd,ET NOW,English,OMCs Under Stress | How Long Can Fuel Prices Stay Unchanged? | MK Surana | Business News | ET Now,https://www.youtube.com/watch?v=yeqGnkG0Bt4
2026-05-04,Sona BLW Precision Forgings Ltd,ET NOW,English,"Sona BLW Precision Forgings CEO on Margins, EV Growth & Outlook | Business News | ET Now",https://www.youtube.com/watch?v=WD2-b-JWZAA
2026-05-04,Cholamandalam Investment and Finance Company Ltd,ET NOW,English,"Chola Finance Q4: Strong Disbursements, What’s Next for FY27? | D Arulselvan | Business News",https://www.youtube.com/watch?v=Jhhu4E0qUP8
2026-05-04,Central Bank of India,ET NOW,English,Central Bank Q4: 18.7% Loan Growth | CEO Confident on Outlook | Business News | ET Now,https://www.youtube.com/watch?v=hqyASEw66po
2026-05-04,Dr. Lal PathLabs Ltd,ET NOW,English,"Dr Lal PathLabs Growth Story: Volumes Surge, Margins Hold Strong | Ved Goel | Business News | ET Now",https://www.youtube.com/watch?v=m8IPWxNez6c
2026-05-04,Kotak Mahindra Bank Ltd,ET NOW,English,Kotak CEO Speaks: West Asia Crisis Impact on Banking & Growth Outlook | Business News | ET Now,https://www.youtube.com/watch?v=AYqgZ5Q2QZc
2026-05-03,Castrol India Ltd,Zee Business,Hindi,arnings Interview: Castrol India CFO Shares Q4 Strategy | EV & Global Market Outlook,https://www.youtube.com/watch?v=mOHKUK2HLvs
2026-05-03,Unicommerce Esolutions Ltd,Zee Business,Hindi,"Unicommerce CEO Interview: Q4 Performance, Margin Expansion & Outlook",https://www.youtube.com/watch?v=Z27Zbfpgkio
2026-05-02,Hindustan Unilever Ltd,ET NOW,English,“Harder Right Over Easier Wrong”: Sanjeev Mehta On Ethical Leadership & Compassionate Capitalism,https://www.youtube.com/watch?v=jhIvpvPnsYc
2026-05-01,Dollar Industries Ltd,Mint,English,DRDO Chief Spells Out India's Strategy As Gulf Nations Go Broke Firing $3Mn Missiles At $3000 Drones,https://www.youtube.com/watch?v=_r94N9fag40
2026-05-01,HT Media Ltd,Mint,English,Why DSP MF's Kalpen Parekh Has Shifted Money From Gold Back To Equities | Guru Portfolios S3 Ep 1,https://www.youtube.com/watch?v=pQxA2HBjfvM
2026-05-01,Motilal Oswal Financial Services Ltd,Zee Business,Hindi,Results Boardroom | Margins Tight Rules: Big Impact on Traders? MOFSL Management Explains,https://www.youtube.com/watch?v=Qq4O1LU3nZs
2026-05-01,AU Small Finance Bank Ltd,Zee Business,Hindi,"AU Small Finance Bank Q4 Review | Profit Surge, Asset Quality Gains, Future Outlook",https://www.youtube.com/watch?v=BTdc16IjQf4
2026-04-30,Anand Rathi Wealth Ltd,Zee Business,Hindi,Trump Warning Sparks Oil Rally: Impact on Inflation and Daily Life | Cover Story,https://www.youtube.com/watch?v=3OI8wNB7kCc
2026-04-30,L&T Finance Ltd,Bloomberg Quint,English,L&T Finance Q4 Profit Jumps: Sudipta Roy On Ambitious 5-Year Roadmap Ahead,https://www.youtube.com/watch?v=JrufO0Nhp8M
2026-04-30,Adani Green Energy Ltd,Bloomberg Quint,English,Adani Green's ₹100 Billion Pledge To Aide India's Energy Transition Amid Mid-East Crisis,https://www.youtube.com/watch?v=YCH6zNZd8dU
2026-04-30,Bank of India,Business Today,English,RBI’s New Rules Hit Tata Sons Hard | Listing Pressure Mounts On Chairman N Chandrasekaran,https://www.youtube.com/watch?v=B8444bedalc
2026-04-30,Waaree Energies Ltd,ET NOW Swadesh,Hindi,"Waaree Energies के Q4 Results, EBITDA Margin, आय और मुनाफा पर CFO Abhishek Pareek का Outlook",https://www.youtube.com/watch?v=spPaAd8kAsM
2026-04-30,Hindustan Zinc Ltd,Zee Business,Hindi,"Vedanta Results Deep Dive: Q4 Drivers, Production Outlook & Leverage After Demerger",https://www.youtube.com/watch?v=jBUIFvHB0_c
2026-04-30,Vedanta Ltd,ET NOW Swadesh,Hindi,"Vedanta के Demerger, Q4 Results और Future Growth Plan पर Arun Mishra & Ajay Goyal का Outlook",https://www.youtube.com/watch?v=ZhUhkG4LYug
2026-04-30,Vedanta Ltd,Zee Business,Hindi,"Corporate Radar: Vedanta Q4 Results | CFO & ED on Aluminium, Zinc & Capex Plans",https://www.youtube.com/watch?v=pa2jKHtql7U
2026-04-30,Waaree Energies Ltd,Bloomberg Quint,English,"Waaree Energies CFO Abhishek Pareek On Strong Growth, Margin Pressures & Big Transition Bet",https://www.youtube.com/watch?v=aSkaOGKsQM4
2026-04-30,Indian Bank,Business Today,English,"Indian Bank Q4 Decoded | Growth, Asset Quality & Fundraising Plans | Binod Kumar Live",https://www.youtube.com/watch?v=LcWhOTBwJcE
2026-04-29,Bandhan Bank Ltd,ET NOW Swadesh,Hindi,"Bandhan Bank के Q4 Results, मुनाफा और मार्जिन पर MD & CEO Partha Pratim Sengupta का Outlook  | ETNS",https://www.youtube.com/watch?v=lN4CEDCsOrY
2026-04-29,Oil India Ltd,Zee Business,Hindi,Commodity Live: UAE Exit from OPEC Plus | Impact on Global Oil & India Explained,https://www.youtube.com/watch?v=9iMZbjqA1RY
2026-04-29,Castrol India Ltd,Zee Business,Hindi,"Castrol India Results Boardroom: Q4 Highlights, EV Strategy & Data Center Focus | CFO Interview",https://www.youtube.com/watch?v=hgRjfcz3UuU
2026-04-29,Castrol India Ltd,Business Today,English,"Castrol India LIVE | CFO Mrinalini Srinivasan On Growth, Strategy, Margins & Outlook",https://www.youtube.com/watch?v=RpYq7mtioyM
2026-04-29,Bandhan Bank Ltd,Zee Business,Hindi,Bandhan Bank Q4 Results: What Drove the Strong Performance? MD Partha Sengupta Speaks,https://www.youtube.com/watch?v=Z8KwYTG5lGY
2026-04-29,Bharat Coking Coal Ltd,Bloomberg Quint,English,"BCCL Chairman & MD On Why Steel Demand Will 'Never Slow Down' | FY27 Growth, Prices & Volumes",https://www.youtube.com/watch?v=9Uy00CPgBm4
2026-04-28,Dynamic Industries Ltd-$,Mint,English,Shifting Deal Dynamics in Venture Capital and Start-ups,https://www.youtube.com/watch?v=m8FNb6PLEmU
2026-04-28,UCO Bank,Zee Business,Hindi,Turn Your Idle Gold into Golden Income: Gold Monetization Scheme Revamp Explained | Cover Story,https://www.youtube.com/watch?v=AJKDQqZn9f0
2026-04-28,Zensar Technologies Ltd,ET NOW Swadesh,Hindi,Q4 Results: Q4 नतीजों पर Zensar Tech मैनेजमेंट का बड़ा बयान! | IT Stocks,https://www.youtube.com/watch?v=xtxfQRNZHGE
2026-04-28,AU Small Finance Bank Ltd,Bloomberg Quint,English,"AU Small Finance Bank: Strong Q4, NIM Outlook & The Impact Of West Asia Risk",https://www.youtube.com/watch?v=MrV6aSQ-kiw
2026-04-28,Tamilnad Mercantile Bank Ltd,ET NOW Swadesh,Hindi,Tamilnad Mercantile Bank के Q4 Results और मुनाफा पर MD & CEO Sali S Nayar का Outlook | ETNS,https://www.youtube.com/watch?v=cjJqFjUHwoU
2026-04-28,Piramal Finance Ltd,ET NOW Swadesh,Hindi,"Piramal Finance के Q4 Results, Margin Guidance और मुनाफे पर MD Jairam Shridharan का Outlook | ETNS",https://www.youtube.com/watch?v=_Has8daf61U
2026-04-28,Zensar Technologies Ltd,Bloomberg Quint,English,"AI Price War Or Growth Boom | Zensar CEO Breaks It Down | Mega Deal, Margins & FY27 Outlook",https://www.youtube.com/watch?v=Z3qMtsrj_dc
2026-04-28,One Mobikwik Systems Ltd,Bloomberg Quint,English,"MobiKwik Co-founder & CFO On RBI's NBFC License, FY27 Outlook & Credit Expansion",https://www.youtube.com/watch?v=CpAeVI8b294
2026-04-28,Unicommerce Esolutions Ltd,Zee Business,Hindi,Unicommerce Earnings: What Supported Q4 Profit Growth? | CEO Kapil Makhija Interview,https://www.youtube.com/watch?v=3TqEUYjCSz4
2026-04-27,Bank of India,Mint,English,Evolving Dynamics in Financial Services and the Investment Landscape,https://www.youtube.com/watch?v=T-sd8jCzUq8
2026-04-27,Cohance Lifesciences Ltd,Bloomberg Quint,English,Why Cohance Lifesciences's Stock Is Surging With Umang Vohra's Appointment As New CEO,https://www.youtube.com/watch?v=vX9NQw_kKYg
2026-04-27,DCB Bank Ltd,Business Today,English,DCB Bank Q4 Earnings Breakdown | Praveen Kutty Reveals Growth Strategy | Exclusive Interview,https://www.youtube.com/watch?v=6XtxrGa_tco
2026-04-27,Sun Pharmaceutical Industries Ltd,Bloomberg Quint,English,Sun Pharma’s $11.75 Billion Deal With Organon Explained,https://www.youtube.com/watch?v=Z4X8SJDIJug
2026-04-27,Saffron Industries Ltd,Business Today,English,AAP Vs BJP: The Battle For Delhi’s Soul As Rebels Join Saffron Surge,https://www.youtube.com/watch?v=cucgxDXmQJc
2026-04-27,L&T Finance Ltd,Zee Business,Hindi,L&T Finance Q4 Results: Sudipta Roy on Growth Triggers Gold Loan Outlook & Expansion Plans,https://www.youtube.com/watch?v=ERLx5Gj3tDM
2026-04-27,IDFC First Bank Ltd,Bloomberg Quint,English,"IDFC First Bank Q4 Deep Dive: Margins Up, Profit Hit by One-Offs | CFO's Big FY27 Outlook",https://www.youtube.com/watch?v=hVL7uma4aN0
2026-04-27,Shriram Finance Ltd,Bloomberg Quint,English,"Shriram Finance MD Parag Sharma On Q4 FY26 Results, FY27 Growth Strategy & Challenges Ahead",https://www.youtube.com/watch?v=l24gwnh9zI8
2026-04-26,HT Media Ltd,Mint,English,Indian Ministries & Regulators On High Alert As Anthropic's MYTHOS Raises Cybersecurity Concerns,https://www.youtube.com/watch?v=xrsMW7gs9Os
2026-04-26,Persistent Systems Ltd,Zee Business,Hindi,Persistent Systems Q4 Analysis: Key Triggers Behind Strong Profit Growth,https://www.youtube.com/watch?v=mGKGv-edpow
2026-04-26,Waaree Energies Ltd,Zee Business,Hindi,US Anti-Dumping Duty: Big Impact on Solar Sector? | Waaree Energies View,https://www.youtube.com/watch?v=C33KjYW63u0
2026-04-25,Choice International Ltd,Zee Business,Hindi,"Zee Business, India Expo Centre & Mart and Choice present Money Alpha 360 | 25 April, Greater Noida",https://www.youtube.com/watch?v=5Fh4aQ6pszU
2026-04-25,Ritesh International Ltd,Inc42,English,Ritesh Agarwal’s Hiring Secret! Ft Ritesh Agarwal,https://www.youtube.com/watch?v=14ck7WfRwKQ
2026-04-25,AXIS Bank Ltd,Bloomberg Quint,English,Axis Bank Q4  Sees 0.6% Profit Dip | Expert Reveals Hidden Positives Investors Must Have Missed,https://www.youtube.com/watch?v=D1msvIGmtOY
2026-04-24,Vodafone Idea Ltd,Business Today,English,“We Are Waiting To Hear Back On Vodafone Idea’s AGR Reassessment From The Govt’’,https://www.youtube.com/watch?v=Kh4Tuod16Mg
2026-04-24,Indian Bank,Business Today,English,"Mythos AI Threat: FM Nirmala Sitharaman Orders Banks To Brace For ""Unseen"" AI Risks!",https://www.youtube.com/watch?v=ya2ZxMwRDm4
2026-04-24,Adani Green Energy Ltd,Bloomberg Quint,English,"Adani Green Energy Q4: Net Profit Jumps 34.2%, Aims To Power Over 8.7 Million Homes In FY27",https://www.youtube.com/watch?v=HFNFm2h_xqE
2026-04-24,Vodafone Idea Ltd,Bloomberg Quint,English,"Vodafone Idea CEO On AGR Relief, Tariff Hikes & AI Strategy | NDTV Profit Exclusive",https://www.youtube.com/watch?v=LJxYS4Xfmkw
2026-04-24,State Bank of India,Business Today,English,Nirmala Sitharaman LIVE | SBI Pune Head Office Inauguration With Maharashtra CM & Officials,https://www.youtube.com/watch?v=Wzw9gMZR58Y
2026-04-24,Waaree Energies Ltd,Bloomberg Quint,English,Why Waaree Energies Is Unfazed By 123% US Solar Duty On India | CMD Breaks It Down,https://www.youtube.com/watch?v=cCrFted7ACc
2026-04-24,Fractal Analytics Ltd,Bloomberg Quint,English,100x Growth Possible Despite AI Deflationary Pressures: NASSCOM Chairman Srikanth Velamakanni,https://www.youtube.com/watch?v=nD0QTxsHG0k
2026-04-24,Dynamic Industries Ltd-$,Bloomberg Quint,English,"Brent Tops $100 Amid US-Iran Tensions | Peter McGuire On Prolonged Oil Surge, AI Job Losses & More",https://www.youtube.com/watch?v=6AAx-9mavAw
2026-04-23,Infosys Ltd,Bloomberg Quint,English,Infosys Announces 20K New Hires In FY27 As CEO Eyes Large Opportunities In AI Services,https://www.youtube.com/watch?v=FN4pRie-8Xo
2026-04-23,GNG Electronics Ltd,Bloomberg Quint,English,Will GNG Electronics Review Business Structure? Promoter Answers Tough Questions On NDTV Profit,https://www.youtube.com/watch?v=yizuFoTU8oI
2026-04-23,Marico Ltd,Mint,English,The Global Brand Survival Guide,https://www.youtube.com/watch?v=PmKgo8nfavA
2026-04-23,Tech Mahindra Ltd,Bloomberg Quint,English,"The Truth About AI’s Impact On Tech Mahindra's Revenues | CEO Mohit Joshi On Q4 Result, FY27 Outlook",https://www.youtube.com/watch?v=XX00UtS66oQ
2026-04-23,Godrej Industries Ltd,Business Today,English,BTTV Exclusive | Pirojsha Godrej On ₹5 Lakh Cr Plan & Listing 2 New Businesses,https://www.youtube.com/watch?v=j2io1NHwJBE
2026-04-22,Britannia Industries Ltd,Bloomberg Quint,English,"Havells Q4 Results: Net Profit Jumps Over 39%, A Big Name Joins The Leadership",https://www.youtube.com/watch?v=6AQByC1h138
2026-04-22,Godrej Properties Ltd,Mint,English,Exclusive: Godrej Industries' Chairman-Designate On Balancing Legacy Vs A Need For Change,https://www.youtube.com/watch?v=Js8xIsLkizE
2026-04-22,HT Media Ltd,Mint,English,Why Outgoing Apple CEO Tim Cook’s New Job Is Going To Be Even More Complex,https://www.youtube.com/watch?v=5EuDV-ffJcA
2026-04-22,Godrej Industries Ltd,Bloomberg Quint,English,Inside Godrej Industries' Massive Change: Pirojsha Godrej Takes Over As Group Chairperson,https://www.youtube.com/watch?v=MWrnVhgZ14s
2026-04-22,Persistent Systems Ltd,Bloomberg Quint,English,Why AI Hits IT Services First | Persistent Systems CEO Sandeep Kalra Weighs In,https://www.youtube.com/watch?v=mzabbkkyiXg
2026-04-22,Indian Bank,Bloomberg Quint,English,Why UBS Is Bullish On Indian Banks Despite Downgrading Indian Equities,https://www.youtube.com/watch?v=9Hrktls5Ius
2026-04-22,Persistent Systems Ltd,Business Today,English,Why Persistent Systems Is Beating IT Peers: Q4 Analysis With CEO Sandeep Kalra,https://www.youtube.com/watch?v=EN5qKQB2SXE
2026-04-22,Infosys Ltd,Mint,English,Mohandas Pai Calls Out Bengaluru & Mumbai's Infrastructure Crisis In Viral Post | Details,https://www.youtube.com/watch?v=FuWfegpUlyQ
2026-04-21,Empire Industries Ltd,Business Today,English,Apple’s New CEO: John Ternus Takes The Torch! Tim Cook Steps Down In Historic Leadership Shift,https://www.youtube.com/watch?v=fhBuffE-IbI
2026-04-21,Billionbrains Garage Ventures Ltd,Bloomberg Quint,English,Groww Q4 Results | CFO Ishan Bansal On FY27 Growth Outlook & Financial Strategy,https://www.youtube.com/watch?v=nT8RJjKNGtg
2026-04-21,Pan India Corporation Ltd,Bloomberg Quint,English,How Gold's Festive Demand Defied Iran War Impact | PNG Jewellers On Pre-Festival Gold Import Crisis,https://www.youtube.com/watch?v=gF_R-wJHbho
2026-04-20,Jash Engineering Ltd,Bloomberg Quint,English,Analysing Jash Engineering: FY27 Target & Growth Drivers | Know Your Company,https://www.youtube.com/watch?v=DUZVXZyMgus
2026-04-20,ZEN Technologies Ltd,Bloomberg Quint,English,Zen Tech Stock Jumps Big After Securing Arms Manufacturing License,https://www.youtube.com/watch?v=o9pyXWiJnq8
2026-04-19,Infosys Ltd,Bloomberg Quint,English,Forget IT Services? Hiren Ved On The New Way To Play AI In India | IT Services Reality Check,https://www.youtube.com/watch?v=cf-ES3BGZsA
2026-04-19,Real Growth Corporation Ltd,Business Today,English,"Fabindia’s Next Big Bet: Wellness Boom, Western Wear Growth & Future Strategy",https://www.youtube.com/watch?v=UpvWCP0vGyg
2026-04-18,HDFC Bank Ltd,Bloomberg Quint,English,"HDFC Bank Q4 Earnings: Profits Beat Estimates, But Will Growth Hold Amid CEO Change?",https://www.youtube.com/watch?v=kq1HzM5dPsw
2026-04-18,Yes Bank Ltd,Bloomberg Quint,English,"Yes Bank Q4 Results: Net Profit Jumps Over 44% YoY, Crosses 1000 Cr With Stable NIMs",https://www.youtube.com/watch?v=yFcMGHudNUc
2026-04-18,Tata Consultancy Services Ltd,Mint,English,"TCS CEO's Statement On Nashik 'Conversion' Row: No POSH Complaints Received, Panel To Oversee Probe",https://www.youtube.com/watch?v=9wX9Sqivrvs
2026-04-17,UltraTech Cement Ltd,Business Today,English,LIVE: UltraTech Cement Celebrates Growth Journey | Kumar Mangalam Birla On Expansion & Future Plans,https://www.youtube.com/watch?v=YS_RqkdSoSE
2026-04-17,Vedanta Ltd,Bloomberg Quint,English,Vedanta Power Plant Blast: FIR Against  Chairman Anil Agarwal As Death Toll Hits 20,https://www.youtube.com/watch?v=CcdZU_PAeh4
2026-04-17,HT Media Ltd,Mint,English,India’s $2.5BN Apple Shock To China: iPhone Components Now Exported To Chinese Factories | Explained,https://www.youtube.com/watch?v=hwEq8yPm9fA
2026-04-16,Tata Consultancy Services Ltd,Bloomberg Quint,English,TCS Nashik Horror: Is POSH Enough To Protect Employees Today?,https://www.youtube.com/watch?v=xx0xUyUQcaQ
2026-04-16,Aditya Birla Sun Life AMC Ltd,Mint,English,Man Who Manages Nearly ₹5 Lakh Cr Worth Of Investors' Money Says 'It's Time...' | A Balasubramanian,https://www.youtube.com/watch?v=Dg4qLVHDqV8
2026-04-16,Motilal Oswal Financial Services Ltd,Bloomberg Quint,English,World Is Becoming Wealthier by 7%; India At 14%: Raamdeo Agrawal on Why He Is Bullish On India,https://www.youtube.com/watch?v=QzqwhPB_NIY
2026-04-16,MTAR Technologies Ltd,Bloomberg Quint,English,MTAR Tech MD On Oracle-Bloom Deal | How Will It Benefit MTAR Tech?,https://www.youtube.com/watch?v=0LyXiohFcGU
2026-04-15,JSW Energy Ltd,Bloomberg Quint,English,"Heatwave, Gas Shortage & Coal Push: How India Is Powering Up For Summer Heat",https://www.youtube.com/watch?v=zQfbWIk1F-Q
2026-04-15,Dollar Industries Ltd,Bloomberg Quint,English,Why Are Gold Prices Falling Amid Peace Talks? Commodity Expert Weighs In,https://www.youtube.com/watch?v=6cK5JAXgtEQ
2026-04-15,Tata Motors Ltd,Bloomberg Quint,English,"Tata Motors to Roll Out Hydrogen Buses Across India, Tata Sons Chairman Confirms",https://www.youtube.com/watch?v=OtUrBAcEOEg
2026-04-15,Bharat Forge Ltd,Bloomberg Quint,English,Baba Kalyani Family Feud Explained,https://www.youtube.com/watch?v=lqM5UmYUHxk
2026-04-15,Tata Motors Ltd,Business Today,English,"N Chandrasekaran On Tata's Big Mobility Push | EV, CNG & Hydrogen Plans Revealed",https://www.youtube.com/watch?v=1ICvG1jsQeI
2026-04-15,Anand Rathi Share And Stock Brokers Ltd,Bloomberg Quint,English,Anand Rathi Q4 Results: AUM Falls By 7% Amid Market Fall | MD Pradeep Gupta,https://www.youtube.com/watch?v=4GLj2CMYNmA
2026-04-15,Reliance Industries Ltd,Business Today,English,Iran War Impact: Why Fabindia Says ‘Made In India’ Is Its Biggest Shield,https://www.youtube.com/watch?v=rCmzJivySow
2026-04-14,ICICI Prudential Asset Management Company Ltd,Bloomberg Quint,English,"ICICI Pru AMC Q4 Results: Net Profit falls 16.8% to Rs 763 crore | CEO, Nimish Shah Speaks",https://www.youtube.com/watch?v=dxSWoaOF3Fo
2026-04-13,Northern Arc Capital Ltd,Mint,English,Role of NBFCs in India’s Growth: Expanding Access to Credit | #MintIIS2026,https://www.youtube.com/watch?v=XpIuiIdFTpk
2026-04-11,Borosil Renewables Ltd,Bloomberg Quint,English,ISM EP 3: India’s Green Energy Push,https://www.youtube.com/watch?v=4vg9yrhyXzU
2026-04-11,Solex Energy Limited,Mint,English,Dr. Chetan Shah on India’s Solar Boom and Solex Energy’s Growth Strategy,https://www.youtube.com/watch?v=kkUjxOMPVD8
2026-04-10,Dynamic Industries Ltd-$,Business Today,English,India Must Chase Oil & Gas At Any Cost: ONGC Chief’s Big Warning On Oil Strategy,https://www.youtube.com/watch?v=VKPQMdthVIg
2026-04-10,Vedanta Ltd,Bloomberg Quint,English,"Jaypee Group Founder Backs Adani Takeover, Hails Transparent Process",https://www.youtube.com/watch?v=kg745Pbn7MQ
2026-04-10,Frontline Corporation Ltd,Bloomberg Quint,English,Why Rahul Arora Isn't Spooked By AI Challenges In IT And Which Are His Top IT Stock Picks,https://www.youtube.com/watch?v=wYTFIYY94tE
2026-04-10,Tata Consultancy Services Ltd,Bloomberg Quint,English,TCS Q4 Results LIVE:  War Impact On I.T. Sector | AI Disruption & Market Outlook Analysis,https://www.youtube.com/watch?v=QmWEXseuTXU
2026-04-09,Larsen & Toubro Ltd,Bloomberg Quint,English,Dharmam Chara 2026: Integrating Dharmic Values In Modern Professional Life,https://www.youtube.com/watch?v=D3H_vIzJhlM
2026-04-09,Tata Steel Ltd,Business Today,English,Globalisation Shifting: Why This Crisis Is India’s Big Opportunity | T V Narendran,https://www.youtube.com/watch?v=FqC5FtWJONA
2026-04-09,Choice International Ltd,Bloomberg Quint,English,Sustainability At The Core: The Story of the IAA Olive Crown Awards,https://www.youtube.com/watch?v=qTCHovhNpDg
2026-04-09,Indraprastha Gas Ltd,Business Today,English,"IGL MD Kamal Kishore Chatiwal Urges LPG Users To Shift To PNG, Targets 30,000 Connections Daily",https://www.youtube.com/watch?v=tedTWnamGlc
2026-04-09,HDFC Bank Ltd,Bloomberg Quint,English,Has The Market Already Bottomed Out? Why Samir Arora Is Bullish After The 15% Market Correction,https://www.youtube.com/watch?v=vyquJlAoWfA
2026-04-09,HT Media Ltd,Mint,English,Can Craftsmanship Drive Global Success?,https://www.youtube.com/watch?v=Gk-ZInXb5Y0
2026-04-08,Kotak Mahindra Bank Ltd,Bloomberg Quint,English,"Trump Demands ""Rent"" For Strait of Hormuz, It Reminds of East India Company: Uday Kotak",https://www.youtube.com/watch?v=p5S0AAIlTZE
2026-04-08,Kotak Mahindra Bank Ltd,Mint,English,Uday Kotak Spells Out What India Needs To Do To Deal With World Where 'Rule Of Might' Disrupts Order,https://www.youtube.com/watch?v=EtemzcjHChU
2026-04-08,Mphasis Ltd,Business Today,English,“All Activities Are Going Well”: ISRO Chief Gives Big Update On India’s Gaganyaan Mission,https://www.youtube.com/watch?v=tUHzX2_U1BY
2026-04-08,Systematic Industries Ltd,Bloomberg Quint,English,Is This The Best Strategy For Long-Term Investors Amid Global Risks? HDFC AMC CEO Reveals,https://www.youtube.com/watch?v=wdnwGECOEgU
2026-04-06,Reliance Industries Ltd,Business Today,English,Why Reliance Stock Fell 3.5% Despite Strong Fundamentals | Deven Choksey Explains,https://www.youtube.com/watch?v=14sQuhyb6wU
2026-04-06,Tata Consultancy Services Ltd,Mint,English,India’s Largest IT Company Is Facing An Unprecedented Exodus Of Senior Talent Amid AI-Led Shake-Up,https://www.youtube.com/watch?v=BMvWhB50vi0
2026-04-06,CSB Bank Ltd,Bloomberg Quint,English,"CSB Bank Q4 Business Update | Pralay Mondal On +50% Rise In Gold Loans, RBI Rate Move Expectation",https://www.youtube.com/watch?v=lhSx-QwqCXQ
2026-04-05,Dynamic Industries Ltd-$,Bloomberg Quint,English,Indian Real Estate Prices To Spike Soon? FY27 Outlook Unveiled,https://www.youtube.com/watch?v=V1spUCuZvjc
2026-04-04,HT Media Ltd,Mint,English,"This CEO Explains 'Unsaid' Career Growth Rule One Needs To Master |  'Relationships, EQ & ....'",https://www.youtube.com/watch?v=xijvCrxwx2g
2026-04-03,Adani Ports and Special Economic Zone Ltd,Business Today,English,Gautam Adani LIVE: Adani Ports Hits 500 Million Tonnes | Major Milestone Speech,https://www.youtube.com/watch?v=fsUqb-Vitr8
2026-04-03,JK Cement Ltd,Business Today,English,'Every Year We See Something New Coming' In Changing World,https://www.youtube.com/watch?v=Yo8vrtMtXxA
2026-04-02,Arvind Ltd,Bloomberg Quint,English,Tenneco Clean Air | Heading Towards A Double Digit Growth: CEO Arvind Chandra,https://www.youtube.com/watch?v=lTB8XgaHS1I
2026-04-02,Coromandel International Ltd,Business Today,English,Arun Alagappan 'Diversified Supply Chains' Help Coromandel Navigate Global Crisis,https://www.youtube.com/watch?v=_qfccg-VoOk
2026-04-02,Ganesh Consumer Products Ltd,Bloomberg Quint,English,Analysing Ganesh Consumer Products: Shares Rise After Promoter Manish Mimani Buys Stake,https://www.youtube.com/watch?v=E4XSE5Bv7Xk
2026-04-02,360 ONE WAM LTD,Business Today,English,Karan Bhagat Says 'Every Opportunity Is An Adversity' That 'Makes You Modest',https://www.youtube.com/watch?v=tW9q5dxqhEw
2026-04-02,CG Power and Industrial Solutions Ltd,Business Today,English,Vellayan Subbiah: 'So Much Opportunity For Us To Grow',https://www.youtube.com/watch?v=DN2rZriX9sg
2026-04-02,ICICI Bank Ltd,Bloomberg Quint,English,ICICI Bank Hits 52-week Low | Should You Hold or Sell?,https://www.youtube.com/watch?v=ewH6zx3_GSE
2026-04-01,Anand Rathi Wealth Ltd,Bloomberg Quint,English,"Will Nifty Reclaim The 25,000 Mark? Feroze Azeez's Investment Strategy Amid Middle East War",https://www.youtube.com/watch?v=vBILTCnXqJk
2026-04-01,Oil and Natural Gas Corporation Ltd,Business Today,English,ONGC Warns India Must Boost Domestic Oil Output As Import Dependence Remains High,https://www.youtube.com/watch?v=7TdVVTJschA
2026-04-01,HDFC Bank Ltd,Bloomberg Quint,English,HDFC Bank CEO Hunt | Should You Trust The HDFC Board? Abizer Diwanji On The CEO Succession,https://www.youtube.com/watch?v=0zPOHO4Mv-w
